-- phpMyAdmin SQL Dump
-- version 5.0.4
-- https://www.phpmyadmin.net/
--
-- Host: 127.0.0.1
-- Generation Time: Apr 07, 2021 at 02:44 PM
-- Server version: 10.4.17-MariaDB
-- PHP Version: 7.4.14

SET SQL_MODE = "NO_AUTO_VALUE_ON_ZERO";
START TRANSACTION;
SET time_zone = "+00:00";


/*!40101 SET @OLD_CHARACTER_SET_CLIENT=@@CHARACTER_SET_CLIENT */;
/*!40101 SET @OLD_CHARACTER_SET_RESULTS=@@CHARACTER_SET_RESULTS */;
/*!40101 SET @OLD_COLLATION_CONNECTION=@@COLLATION_CONNECTION */;
/*!40101 SET NAMES utf8mb4 */;

--
-- Database: `doctorss_master`
--

-- --------------------------------------------------------

--
-- Table structure for table `accounts`
--

CREATE TABLE `accounts` (
  `id` int(11) NOT NULL,
  `account_name` varchar(100) NOT NULL,
  `account_shortname` varchar(500) NOT NULL,
  `no_of_doctors` varchar(111) NOT NULL,
  `status` tinyint(2) NOT NULL COMMENT '0 for Inactive, 1 for Active',
  `dbname` varchar(100) DEFAULT NULL,
  `encrypted_id` varchar(100) DEFAULT NULL,
  `business_address_id` int(11) DEFAULT NULL,
  `billing_address_id` int(11) DEFAULT NULL,
  `created_ip` varchar(20) DEFAULT NULL,
  `created_by` int(11) DEFAULT NULL,
  `created_on` datetime DEFAULT NULL,
  `modified_ip` varchar(20) DEFAULT NULL,
  `modified_by` int(11) DEFAULT NULL,
  `modified_on` datetime DEFAULT NULL
) ENGINE=InnoDB DEFAULT CHARSET=utf8mb4 ROW_FORMAT=COMPACT;

--
-- Dumping data for table `accounts`
--

INSERT INTO `accounts` (`id`, `account_name`, `account_shortname`, `no_of_doctors`, `status`, `dbname`, `encrypted_id`, `business_address_id`, `billing_address_id`, `created_ip`, `created_by`, `created_on`, `modified_ip`, `modified_by`, `modified_on`) VALUES
(1, 'Mamatha Hospital', 'MITSH', '5', 1, 'doctorss_mitsh_27996', 'w2', 1, 2, '::1', 1, '2021-04-01 13:00:07', '::1', 1, '2021-04-01 13:00:11'),
(2, 'Kamala Hospital', 'KIMSH', '3', 1, 'doctorss_kimsh_42974', 'x2', 3, 4, '::1', 1, '2021-04-01 13:02:56', '::1', 1, '2021-04-01 13:03:00'),
(3, 'Chinnari Hospital', 'Chinnari', '7', 1, 'doctorss_CH_24398', 'y2', 18, 19, '::1', 1, '2021-04-07 14:12:13', '::1', 1, '2021-04-07 14:15:36');

-- --------------------------------------------------------

--
-- Table structure for table `accounts_subscriptions`
--

CREATE TABLE `accounts_subscriptions` (
  `id` int(11) NOT NULL,
  `account_id` varchar(20) NOT NULL,
  `subscription_startdate` date DEFAULT NULL,
  `subscription_enddate` date DEFAULT NULL,
  `payment_status` int(11) DEFAULT NULL,
  `promocode_id` int(11) DEFAULT NULL,
  `discount_amount` decimal(10,2) DEFAULT NULL,
  `package_total_amount` decimal(10,2) DEFAULT NULL,
  `sub_total_amount` decimal(10,2) DEFAULT NULL,
  `gst_amount` decimal(10,2) DEFAULT NULL,
  `igst_amount` decimal(10,2) DEFAULT NULL,
  `cgst_amount` decimal(10,2) DEFAULT NULL,
  `sgst_amount` decimal(10,2) DEFAULT NULL,
  `grand_total_amount` decimal(10,2) DEFAULT NULL,
  `created_ip` varchar(20) DEFAULT NULL,
  `created_by` int(11) DEFAULT NULL,
  `created_on` datetime DEFAULT NULL,
  `modified_ip` varchar(20) DEFAULT NULL,
  `modified_by` int(11) DEFAULT NULL,
  `modified_on` datetime DEFAULT NULL
) ENGINE=InnoDB DEFAULT CHARSET=latin1;

--
-- Dumping data for table `accounts_subscriptions`
--

INSERT INTO `accounts_subscriptions` (`id`, `account_id`, `subscription_startdate`, `subscription_enddate`, `payment_status`, `promocode_id`, `discount_amount`, `package_total_amount`, `sub_total_amount`, `gst_amount`, `igst_amount`, `cgst_amount`, `sgst_amount`, `grand_total_amount`, `created_ip`, `created_by`, `created_on`, `modified_ip`, `modified_by`, `modified_on`) VALUES
(1, '1', '2021-04-01', '2021-06-30', 4, 0, '0.00', '15000.00', '15000.00', NULL, '0.00', '1350.00', '1350.00', '17700.00', '::1', 1, '2021-04-01 13:03:35', '::1', 1, '2021-04-01 13:03:35'),
(2, '2', '2021-04-01', '2021-10-31', 4, 0, '0.00', '25000.00', '25000.00', NULL, '0.00', '2250.00', '2250.00', '29500.00', '::1', 1, '2021-04-01 13:04:17', '::1', 1, '2021-04-01 13:04:17');

-- --------------------------------------------------------

--
-- Table structure for table `activity_logs`
--

CREATE TABLE `activity_logs` (
  `id` int(11) NOT NULL,
  `user_id` int(11) NOT NULL,
  `account_id` int(11) DEFAULT NULL,
  `activity_desc` text NOT NULL,
  `activity_method_name` varchar(250) DEFAULT NULL,
  `request_url` varchar(250) DEFAULT NULL,
  `request_referer` varchar(150) DEFAULT NULL,
  `request_type` varchar(50) DEFAULT NULL,
  `data` longtext DEFAULT NULL,
  `request_ip` varchar(50) DEFAULT NULL,
  `request_datetime` timestamp NULL DEFAULT current_timestamp(),
  `user_agent_activity` varchar(50) DEFAULT NULL,
  `created_at` date DEFAULT NULL,
  `created_by` int(11) DEFAULT NULL,
  `created_ip` varchar(50) DEFAULT NULL
) ENGINE=MyISAM DEFAULT CHARSET=latin1;

-- --------------------------------------------------------

--
-- Table structure for table `activity_request_mappings`
--

CREATE TABLE `activity_request_mappings` (
  `id` int(11) NOT NULL,
  `activity_desc` text NOT NULL,
  `request_url` varchar(250) NOT NULL
) ENGINE=InnoDB DEFAULT CHARSET=latin1;

--
-- Dumping data for table `activity_request_mappings`
--

INSERT INTO `activity_request_mappings` (`id`, `activity_desc`, `request_url`) VALUES
(1, 'Login Page', 'Welcome/login');

-- --------------------------------------------------------

--
-- Table structure for table `address`
--

CREATE TABLE `address` (
  `id` int(11) NOT NULL,
  `house_no` varchar(500) DEFAULT NULL,
  `street` varchar(350) DEFAULT NULL,
  `area` varchar(650) DEFAULT NULL,
  `landmark` varchar(100) DEFAULT NULL,
  `city_id` int(11) DEFAULT NULL,
  `state_id` int(11) DEFAULT NULL,
  `country` int(11) DEFAULT NULL,
  `pincode` bigint(6) DEFAULT NULL,
  `geocoordinates` varchar(200) DEFAULT NULL,
  `latitude` double(14,10) DEFAULT NULL,
  `longitude` double(14,10) DEFAULT NULL,
  `created_ip` varchar(20) DEFAULT NULL,
  `created_by` int(11) DEFAULT NULL,
  `created_on` datetime DEFAULT NULL,
  `modified_ip` varchar(20) DEFAULT NULL,
  `modified_by` int(11) DEFAULT NULL,
  `modified_on` datetime DEFAULT NULL
) ENGINE=InnoDB DEFAULT CHARSET=latin1 ROW_FORMAT=COMPACT;

--
-- Dumping data for table `address`
--

INSERT INTO `address` (`id`, `house_no`, `street`, `area`, `landmark`, `city_id`, `state_id`, `country`, `pincode`, `geocoordinates`, `latitude`, `longitude`, `created_ip`, `created_by`, `created_on`, `modified_ip`, `modified_by`, `modified_on`) VALUES
(1, '1-85', 'Main Road', 'Bachupally', '', 5, 32, NULL, 525252, NULL, NULL, NULL, '::1', 1, '2021-04-01 13:00:07', NULL, NULL, NULL),
(2, '1-85', 'Main Road', 'Bachupally', '', 5, 32, NULL, 525252, NULL, NULL, NULL, '::1', 1, '2021-04-01 13:00:07', NULL, NULL, NULL),
(3, '12-85-85', 'Mian Road', 'Dilsuknagar', '', 5, 32, NULL, 505050, NULL, NULL, NULL, '::1', 1, '2021-04-01 13:02:56', NULL, NULL, NULL),
(4, '1-85', 'Main Road', 'Disuknagar', '', 5, 32, NULL, 505050, NULL, NULL, NULL, '::1', 1, '2021-04-01 13:02:56', NULL, NULL, NULL),
(5, '1-85', 'Mian Road', 'Hanamkonda', '', 56, 32, NULL, 505050, NULL, NULL, NULL, '::1', 2, '2021-04-01 13:08:04', NULL, NULL, NULL),
(6, '1-26-85', 'Main Road', 'Mamillagudem ', '', 5, 32, NULL, 565656, NULL, NULL, NULL, '::1', 2, '2021-04-01 13:11:58', NULL, NULL, NULL),
(7, '1-96-85', 'Main Road', 'Mahabubabad', '', 56, 32, NULL, 636363, NULL, NULL, NULL, '::1', 2, '2021-04-01 13:14:07', NULL, NULL, NULL),
(8, '1-85', 'Main Road', 'Kasba Bazar', '', 183, 32, NULL, 565656, NULL, NULL, NULL, '::1', 2, '2021-04-01 13:16:38', NULL, NULL, NULL),
(9, '1-85', 'Main road', 'Kaman Bazar', '', 183, 32, NULL, 545454, NULL, NULL, NULL, '::1', 2, '2021-04-01 13:19:52', NULL, NULL, NULL),
(10, '1-96', 'Main Road', 'Redyala', '', 56, 32, NULL, 585855, NULL, NULL, NULL, '::1', 2, '2021-04-01 13:24:30', NULL, NULL, NULL),
(11, '1-96', 'Main road', 'jogipet', '', 545, 32, NULL, 565655, NULL, NULL, NULL, '::1', 2, '2021-04-01 13:27:24', NULL, NULL, NULL),
(12, '1-85', 'Main Road', 'Dhone', '', 5, 32, NULL, 585585, NULL, NULL, NULL, '::1', 2, '2021-04-01 13:29:21', NULL, NULL, NULL),
(13, '1-52', 'MAin road', 'Kodhad', '', 183, 32, NULL, 655655, NULL, NULL, NULL, '::1', 2, '2021-04-01 13:32:16', NULL, NULL, NULL),
(14, '5-8585', 'MAin road', 'kothapet', '', 5, 32, NULL, 525252, NULL, NULL, NULL, '::1', 2, '2021-04-01 13:34:39', NULL, NULL, NULL),
(15, '1-85', 'Main Road', 'Nadiwada', '', 5, 32, NULL, 501010, NULL, NULL, NULL, '::1', 3, '2021-04-07 08:16:57', NULL, NULL, NULL),
(16, '120', 'Main Road', 'Nadiwada', '', 56, 32, NULL, 555555, NULL, NULL, NULL, '::1', 14, '2021-04-07 11:34:30', NULL, NULL, NULL),
(17, '1-85', 'main road', 'nadiwada', '', 183, 32, NULL, 111111, NULL, NULL, NULL, '::1', 15, '2021-04-07 11:43:34', NULL, NULL, NULL),
(18, '1-85', 'Main Road', 'Nadiwada', 'Main Center', 56, 32, NULL, 506101, NULL, NULL, NULL, '::1', 1, '2021-04-07 14:12:13', '::1', 1, '2021-04-07 14:15:36'),
(19, '1-85', 'Main road', 'Nadiwada', 'Nehru Center', 56, 32, NULL, 501010, NULL, NULL, NULL, '::1', 1, '2021-04-07 14:12:13', '::1', 1, '2021-04-07 14:15:36');

-- --------------------------------------------------------

--
-- Table structure for table `cities`
--

CREATE TABLE `cities` (
  `cityid` int(11) NOT NULL,
  `cityname` varchar(100) NOT NULL,
  `state_id` int(11) NOT NULL,
  `latitude` double(14,10) DEFAULT NULL,
  `longitude` double(14,10) DEFAULT NULL,
  `short_code` varchar(5) DEFAULT NULL,
  `status` int(11) NOT NULL
) ENGINE=InnoDB DEFAULT CHARSET=utf8;

--
-- Dumping data for table `cities`
--

INSERT INTO `cities` (`cityid`, `cityname`, `state_id`, `latitude`, `longitude`, `short_code`, `status`) VALUES
(1, 'Mumbai', 21, 18.9800000000, 72.8300000000, NULL, 0),
(2, 'Delhi', 10, 28.6700000000, 77.2200000000, NULL, 0),
(3, 'Bengaluru', 17, 12.9800000000, 77.5800000000, NULL, 0),
(4, 'Ahmedabad', 12, 23.0300000000, 72.6200000000, NULL, 0),
(5, 'Hyderabad', 32, 17.3800000000, 78.4700000000, 'HYD', 1),
(6, 'Chennai', 31, 13.0800000000, 80.2800000000, NULL, 0),
(7, 'Kolkata', 36, 22.5700000000, 88.3700000000, NULL, 0),
(8, 'Pune', 21, 18.5300000000, 73.8700000000, NULL, 0),
(9, 'Jaipur', 29, 26.9200000000, 75.8200000000, NULL, 0),
(10, 'Surat', 12, 20.9700000000, 72.9000000000, NULL, 0),
(11, 'Lucknow', 34, 26.8500000000, 80.9200000000, NULL, 0),
(12, 'Kanpur', 34, 26.4700000000, 80.3500000000, NULL, 0),
(13, 'Nagpur', 21, 21.1500000000, 79.1000000000, NULL, 0),
(14, 'Patna', 5, 25.6000000000, 85.1200000000, NULL, 0),
(15, 'Indore', 20, 22.7200000000, 75.8300000000, NULL, 0),
(16, 'Thane', 21, 19.2000000000, 72.9700000000, NULL, 0),
(17, 'Bhopal', 20, 23.2700000000, 77.4000000000, NULL, 0),
(18, 'Visakhapatnam', 2, 17.7000000000, 83.3000000000, 'VSP', 1),
(19, 'Vadodara', 12, 22.3000000000, 73.2000000000, NULL, 0),
(20, 'Firozabad', 34, 27.1500000000, 78.4200000000, NULL, 0),
(21, 'Ludhiana', 28, 30.9000000000, 75.8500000000, NULL, 0),
(22, 'Rajkot', 12, 22.3000000000, 70.7800000000, NULL, 0),
(23, 'Agra', 34, 27.1800000000, 78.0200000000, NULL, 0),
(24, 'Siliguri', 36, 26.7200000000, 88.4200000000, NULL, 0),
(25, 'Nashik', 21, 19.9800000000, 73.8000000000, NULL, 0),
(26, 'Faridabad', 13, 28.4300000000, 77.3200000000, NULL, 0),
(27, 'Patiala', 28, 30.3300000000, 76.4000000000, NULL, 0),
(28, 'Meerut', 34, 28.9800000000, 77.7000000000, NULL, 0),
(29, 'Kalyan-Dombivali', 21, 19.2000000000, 73.0900000000, NULL, 0),
(30, 'Vasai-Virar', 21, 19.4700000000, 72.8000000000, NULL, 0),
(31, 'Varanasi', 34, 25.3300000000, 83.0000000000, NULL, 0),
(32, 'Srinagar', 15, 34.0900000000, 74.8000000000, NULL, 0),
(33, 'Dhanbad', 16, 23.8000000000, 86.4500000000, NULL, 0),
(34, 'Jodhpur', 29, 26.2900000000, 73.0300000000, NULL, 0),
(35, 'Amritsar', 28, 31.6300000000, 74.8700000000, NULL, 0),
(36, 'Raipur', 7, 21.2300000000, 81.6300000000, NULL, 0),
(37, 'Allahabad', 34, 25.4500000000, 81.8500000000, NULL, 0),
(38, 'Coimbatore', 31, 10.9900000000, 76.9600000000, NULL, 0),
(39, 'Jabalpur', 20, 23.1700000000, 79.9500000000, NULL, 0),
(40, 'Gwalior', 20, 26.2200000000, 78.1800000000, NULL, 0),
(41, 'Vijayawada', 2, 16.5200000000, 80.6200000000, 'VJA', 1),
(42, 'Madurai', 31, 9.9300000000, 78.1200000000, NULL, 0),
(43, 'Guwahati', 4, 26.1800000000, 91.7300000000, NULL, 0),
(44, 'Chandigarh', 6, 30.7400000000, 76.7900000000, NULL, 0),
(45, 'Hubli', 17, 15.3500000000, 75.1700000000, 'HBX', 1),
(46, 'Amroha', 34, 28.9200000000, 78.4700000000, NULL, 0),
(47, 'Moradabad', 34, 28.8300000000, 78.7800000000, NULL, 0),
(48, 'Gurgaon', 13, 28.4700000000, 77.0300000000, NULL, 0),
(49, 'Aligarh', 34, 27.8800000000, 78.0800000000, NULL, 0),
(50, 'Solapur', 21, 17.6800000000, 75.9200000000, NULL, 0),
(51, 'Ranchi', 16, 23.3500000000, 85.3300000000, NULL, 0),
(52, 'Jalandhar', 28, 31.3300000000, 75.5800000000, NULL, 0),
(53, 'Tiruchirappalli', 31, 10.8100000000, 78.6900000000, NULL, 0),
(54, 'Bhubaneswar', 26, 20.2300000000, 85.8300000000, NULL, 0),
(55, 'Salem', 31, 11.6500000000, 78.1700000000, NULL, 0),
(56, 'Warangal', 32, 18.0000000000, 79.5800000000, NULL, 0),
(57, 'Mira-Bhayandar', 21, 19.2900000000, 72.8500000000, NULL, 0),
(58, 'Thiruvananthapuram', 18, 8.5100000000, 76.9600000000, NULL, 0),
(59, 'Bhiwandi', 21, 19.3000000000, 73.0700000000, NULL, 0),
(60, 'Saharanpur', 34, 29.9700000000, 77.5500000000, NULL, 0),
(61, 'Guntur', 2, 16.3000000000, 80.4500000000, 'GNT', 1),
(62, 'Amravati', 21, 20.9300000000, 77.7500000000, NULL, 0),
(63, 'Bikaner', 29, 28.0200000000, 73.3000000000, NULL, 0),
(64, 'Noida', 34, 28.5700000000, 77.3200000000, NULL, 0),
(65, 'Jamshedpur', 16, 22.8000000000, 86.1800000000, NULL, 0),
(66, 'Bhilai Nagar', 7, 21.1900000000, 81.3500000000, NULL, 0),
(67, 'Cuttack', 26, 20.5000000000, 85.8300000000, NULL, 0),
(68, 'Kochi', 18, 9.9700000000, 76.2300000000, NULL, 0),
(69, 'Udaipur', 29, 27.7200000000, 75.4800000000, NULL, 0),
(70, 'Bhavnagar', 12, 21.7700000000, 72.1500000000, NULL, 0),
(71, 'Dehradun', 35, 30.3200000000, 78.0300000000, NULL, 0),
(72, 'Asansol', 36, 23.6800000000, 86.9800000000, NULL, 0),
(73, 'Nanded-Waghala', 21, 19.1300000000, 77.3200000000, NULL, 0),
(74, 'Ajmer', 29, 26.4500000000, 74.6300000000, NULL, 0),
(75, 'Jamnagar', 12, 22.4700000000, 70.0700000000, NULL, 0),
(76, 'Ujjain', 20, 23.1800000000, 75.7700000000, NULL, 0),
(77, 'Sangli', 21, 16.8700000000, 74.5700000000, NULL, 0),
(78, 'Loni', 34, 28.7500000000, 77.2800000000, NULL, 0),
(79, 'Jhansi', 34, 25.4300000000, 78.5800000000, NULL, 0),
(80, 'Pondicherry', 27, 11.9300000000, 79.8300000000, NULL, 0),
(81, 'Nellore', 2, 14.4300000000, 79.9700000000, NULL, 0),
(82, 'Jammu', 15, 32.7300000000, 74.8700000000, NULL, 0),
(83, 'Belagavi', 17, 15.8400000000, 74.4900000000, 'BLGV', 1),
(84, 'Raurkela', 26, 22.2000000000, 84.8800000000, NULL, 0),
(85, 'Mangaluru', 17, 12.8600000000, 74.8400000000, 'IXE', 1),
(86, 'Tirunelveli', 31, 8.7300000000, 77.7000000000, NULL, 0),
(87, 'Malegaon', 21, 20.5500000000, 74.5300000000, NULL, 0),
(88, 'Gaya', 5, 24.7800000000, 85.0000000000, NULL, 0),
(89, 'Tiruppur', 31, 11.1000000000, 77.3500000000, NULL, 0),
(90, 'Davanagere', 17, 14.4600000000, 75.9200000000, 'DVNG', 1),
(91, 'Kozhikode', 18, 11.2500000000, 75.7700000000, NULL, 0),
(92, 'Akola', 21, 20.7300000000, 77.0000000000, NULL, 0),
(93, 'Kurnool', 2, 15.8300000000, 78.0500000000, 'KRNL', 1),
(94, 'Bokaro Steel City', 16, 23.7800000000, 85.9700000000, NULL, 0),
(95, 'Rajamundry', 2, 17.0000000000, 81.8000000000, 'RJY', 1),
(96, 'Bellary', 17, 15.1500000000, 76.9300000000, 'VDY', 1),
(97, 'Agartala', 33, 23.8400000000, 91.2800000000, NULL, 0),
(98, 'Bhagalpur', 5, 25.2500000000, 87.0000000000, NULL, 0),
(99, 'Latur', 21, 18.4000000000, 76.5800000000, NULL, 0),
(100, 'Dhule', 21, 20.9000000000, 74.7800000000, NULL, 0),
(101, 'Korba', 7, 22.3500000000, 82.6800000000, NULL, 0),
(102, 'Bhilwara', 29, 25.3500000000, 74.6300000000, NULL, 0),
(103, 'Brahmapur', 26, 19.3200000000, 84.7800000000, NULL, 0),
(104, 'Mysore', 17, 12.3100000000, 76.6500000000, 'MYQ', 1),
(105, 'Muzaffarpur', 5, 26.1200000000, 85.4000000000, NULL, 0),
(106, 'Ahmednagar', 21, 19.0800000000, 74.7300000000, NULL, 0),
(107, 'Kollam', 18, 8.8800000000, 76.5900000000, NULL, 0),
(108, 'Raghunathganj', 36, 24.4500000000, 88.0500000000, NULL, 0),
(109, 'Bilaspur', 7, 22.0800000000, 82.1500000000, NULL, 0),
(110, 'Shahjahanpur', 34, 27.8800000000, 79.9200000000, NULL, 0),
(111, 'Thrissur', 18, 10.5200000000, 76.2200000000, NULL, 0),
(112, 'Alwar', 29, 27.5700000000, 76.6000000000, NULL, 0),
(113, 'Kakinada', 2, 16.9300000000, 82.2200000000, NULL, 0),
(114, 'Nizamabad', 32, 18.6700000000, 78.1200000000, NULL, 0),
(115, 'Sagar', 20, 14.1700000000, 75.0300000000, NULL, 0),
(116, 'Tumkur', 17, 13.3400000000, 77.1000000000, 'TMKR', 1),
(117, 'Hisar', 13, 29.1700000000, 75.7200000000, NULL, 0),
(118, 'Rohtak', 13, 28.9000000000, 76.5700000000, NULL, 0),
(119, 'Panipat', 13, 29.3900000000, 76.9700000000, NULL, 0),
(120, 'Darbhanga', 5, 26.1700000000, 85.9000000000, NULL, 0),
(121, 'Kharagpur', 36, 22.3300000000, 87.3300000000, NULL, 0),
(122, 'Aizawl', 24, 23.7200000000, 92.7200000000, NULL, 0),
(123, 'Ichalkaranji', 21, 16.7000000000, 74.4700000000, NULL, 0),
(124, 'Tirupathi', 2, 13.6200000000, 79.4100000000, 'TPT', 1),
(125, 'Karnal', 13, 29.6800000000, 76.9800000000, NULL, 0),
(126, 'Bathinda', 28, 30.2000000000, 74.9500000000, NULL, 0),
(127, 'Rampur', 34, 28.8200000000, 79.0300000000, NULL, 0),
(128, 'Shivamogga', 17, 13.9200000000, 75.5600000000, NULL, 0),
(129, 'Ratlam', 20, 23.3200000000, 75.0700000000, NULL, 0),
(130, 'Modinagar', 34, 28.8300000000, 77.5700000000, NULL, 0),
(131, 'Durg', 7, 21.1800000000, 81.2800000000, NULL, 0),
(132, 'Shillong', 23, 25.5800000000, 91.8700000000, NULL, 0),
(133, 'Imphal', 22, 24.8200000000, 93.9500000000, NULL, 0),
(134, 'Hapur', 34, 28.7200000000, 77.7800000000, NULL, 0),
(135, 'Ranipet', 31, 12.9300000000, 79.3300000000, NULL, 0),
(136, 'Anantapur', 2, 14.6800000000, 77.6000000000, 'ATP', 1),
(137, 'Arrah', 5, 25.5700000000, 84.6700000000, NULL, 0),
(138, 'Karimnagar', 32, 18.4300000000, 79.1500000000, 'KRM', 1),
(139, 'Parbhani', 21, 19.2700000000, 76.7800000000, NULL, 0),
(140, 'Etawah', 34, 26.7800000000, 79.0200000000, NULL, 0),
(141, 'Bharatpur', 29, 27.2200000000, 77.4800000000, NULL, 0),
(142, 'Begusarai', 5, 25.4200000000, 86.1300000000, NULL, 0),
(143, 'New Delhi', 10, 28.6000000000, 77.2000000000, NULL, 0),
(144, 'Chhapra', 5, 25.7700000000, 84.7900000000, NULL, 0),
(145, 'Kadapa', 2, 14.4700000000, 78.8200000000, NULL, 0),
(146, 'Ramagundam', 32, 18.7500000000, 79.5100000000, NULL, 0),
(147, 'Pali', 29, 25.7700000000, 73.3300000000, NULL, 0),
(148, 'Satna', 20, 24.5800000000, 80.8300000000, NULL, 0),
(149, 'Vizinagaram', 2, 18.4000000000, 83.3300000000, NULL, 0),
(150, 'Katihar', 5, 25.5300000000, 87.5800000000, NULL, 0),
(151, 'Hardwar', 35, 29.9700000000, 78.1700000000, NULL, 0),
(152, 'Sonipat', 13, 28.9800000000, 77.0200000000, NULL, 0),
(153, 'Nagercoil', 31, 8.1900000000, 77.4300000000, NULL, 0),
(154, 'Thanjavur', 31, 10.8000000000, 79.1500000000, NULL, 0),
(155, 'Murwara (Katni)', 20, 23.8300000000, 80.4000000000, NULL, 0),
(156, 'Naihati', 36, 22.9000000000, 88.4200000000, NULL, 0),
(157, 'Sambhal', 34, 28.5800000000, 78.5500000000, NULL, 0),
(158, 'Nadiad', 12, 22.7000000000, 72.8700000000, NULL, 0),
(159, 'Yamunanagar', 13, 30.1000000000, 77.2800000000, NULL, 0),
(160, 'English Bazar', 36, 25.0100000000, 88.1400000000, NULL, 0),
(161, 'Eluru', 2, 16.7100000000, 81.0900000000, NULL, 0),
(162, 'Munger', 5, 25.3800000000, 86.4700000000, NULL, 0),
(163, 'Panchkula', 13, 30.7300000000, 76.9500000000, NULL, 0),
(164, 'Raichur', 17, 16.2000000000, 77.3700000000, 'RC', 1),
(165, 'Panvel', 21, 18.9800000000, 73.1000000000, NULL, 0),
(166, 'Deoghar', 16, 24.4800000000, 86.7000000000, NULL, 0),
(167, 'Ongole', 2, 15.5000000000, 80.0500000000, NULL, 0),
(168, 'Nandyal', 2, 15.4800000000, 78.4800000000, NULL, 0),
(169, 'Morena', 20, 26.5000000000, 78.0000000000, NULL, 0),
(170, 'Bhiwani', 13, 28.7800000000, 76.1300000000, NULL, 0),
(171, 'Porbandar', 12, 21.6300000000, 69.6000000000, NULL, 0),
(172, 'Palakkad', 18, 10.7700000000, 76.6500000000, NULL, 0),
(173, 'Anand', 12, 22.5700000000, 72.9300000000, NULL, 0),
(174, 'Purnia', 5, 25.7800000000, 87.4700000000, NULL, 0),
(175, 'Baharampur', 36, 24.1000000000, 88.2500000000, NULL, 0),
(176, 'Barmer', 29, 25.7500000000, 71.3800000000, NULL, 0),
(177, 'Morvi', 12, 22.8200000000, 70.8300000000, NULL, 0),
(178, 'Orai', 34, 25.9800000000, 79.4700000000, NULL, 0),
(179, 'Bahraich', 34, 27.5800000000, 81.6000000000, NULL, 0),
(180, 'Sikar', 29, 27.6200000000, 75.1500000000, NULL, 0),
(181, 'Vellore', 31, 12.9300000000, 79.1300000000, NULL, 0),
(182, 'Singrauli', 20, 24.1400000000, 82.3800000000, NULL, 0),
(183, 'Khammam', 32, 17.2500000000, 80.1500000000, 'KMM', 1),
(184, 'Mahesana', 12, 23.6000000000, 72.4000000000, NULL, 0),
(185, 'Silchar', 4, 24.8200000000, 92.8000000000, NULL, 0),
(186, 'Sambalpur', 26, 21.4500000000, 83.9700000000, NULL, 0),
(187, 'Rewa', 20, 24.5300000000, 81.3000000000, NULL, 0),
(188, 'Unnao', 34, 26.5300000000, 80.5000000000, NULL, 0),
(189, 'Hugli-Chinsurah', 36, 22.8800000000, 88.3900000000, NULL, 0),
(190, 'Raiganj', 36, 25.6200000000, 88.1200000000, NULL, 0),
(191, 'Phusro', 16, 23.7600000000, 86.0100000000, NULL, 0),
(192, 'Adityapur', 16, 22.7900000000, 86.1600000000, NULL, 0),
(193, 'Alappuzha', 18, 9.4900000000, 76.3300000000, NULL, 0),
(194, 'Bahadurgarh', 13, 28.6800000000, 76.9200000000, NULL, 0),
(195, 'Machilipatnam', 2, 16.1700000000, 81.1300000000, NULL, 0),
(196, 'Rae Bareli', 34, 26.2300000000, 81.2400000000, NULL, 0),
(197, 'Jalpaiguri', 36, 26.5200000000, 88.7300000000, NULL, 0),
(198, 'Bharuch', 12, 21.7000000000, 72.9700000000, NULL, 0),
(199, 'Pathankot', 28, 32.2800000000, 75.6500000000, NULL, 0),
(200, 'Hoshiarpur', 28, 31.5000000000, 75.9100000000, NULL, 0),
(201, 'Baramula', 15, 34.2021480000, 74.3482590000, NULL, 0),
(202, 'Adoni', 2, 15.6300000000, 77.2800000000, NULL, 0),
(203, 'Jind', 13, 29.3200000000, 76.3200000000, NULL, 0),
(204, 'Tonk', 29, 26.1700000000, 75.7800000000, NULL, 0),
(205, 'Tenali', 2, 16.2500000000, 80.5800000000, NULL, 0),
(206, 'Kancheepuram', 31, 12.8300000000, 79.7200000000, NULL, 0),
(207, 'Vapi', 12, 20.3700000000, 72.9000000000, NULL, 0),
(208, 'Sirsa', 13, 29.5300000000, 75.0200000000, NULL, 0),
(209, 'Navsari', 12, 20.8500000000, 72.9200000000, NULL, 0),
(210, 'Mahbubnagar', 32, 16.7300000000, 77.9800000000, NULL, 0),
(211, 'Puri', 26, 19.8000000000, 85.8500000000, NULL, 0),
(212, 'Robertson Pet', 17, 12.9500000000, 78.2600000000, NULL, 0),
(213, 'Erode', 31, 11.3500000000, 77.7300000000, NULL, 0),
(214, 'Batala', 28, 31.8200000000, 75.2000000000, NULL, 0),
(215, 'Haldwani-cum-Kathgodam', 35, 29.2100000000, 79.5100000000, NULL, 0),
(216, 'Vidisha', 20, 23.5300000000, 77.8200000000, NULL, 0),
(217, 'Saharsa', 5, 25.8800000000, 86.6000000000, NULL, 0),
(218, 'Thanesar', 13, 29.9600000000, 76.8100000000, NULL, 0),
(219, 'Chittoor', 2, 13.2000000000, 79.1200000000, 'CTR', 1),
(220, 'Veraval', 12, 20.9000000000, 70.3700000000, NULL, 0),
(221, 'Lakhimpur', 34, 27.9500000000, 80.7700000000, NULL, 0),
(222, 'Sitapur', 34, 27.5700000000, 80.6800000000, NULL, 0),
(223, 'Hindupur', 2, 13.8300000000, 77.4900000000, NULL, 0),
(224, 'Santipur', 36, 23.2500000000, 88.4300000000, NULL, 0),
(225, 'Balurghat', 36, 25.2200000000, 88.7700000000, NULL, 0),
(226, 'Ganjbasoda', 20, 23.8500000000, 77.9200000000, NULL, 0),
(227, 'Moga', 28, 30.8000000000, 75.1700000000, NULL, 0),
(228, 'Proddatur', 2, 14.7300000000, 78.5500000000, NULL, 0),
(229, 'Srinagar', 35, 34.0900000000, 74.8000000000, NULL, 0),
(230, 'Medinipur', 36, 22.4300000000, 87.3300000000, NULL, 0),
(231, 'Habra', 36, 22.8300000000, 88.6300000000, NULL, 0),
(232, 'Sasaram', 5, 24.9500000000, 84.0300000000, NULL, 0),
(233, 'Hajipur', 5, 25.6800000000, 85.2200000000, NULL, 0),
(234, 'Bhuj', 12, 23.2700000000, 69.6700000000, NULL, 0),
(235, 'Shivpuri', 20, 25.4300000000, 77.6600000000, NULL, 0),
(236, 'Ranaghat', 36, 23.1800000000, 88.5800000000, NULL, 0),
(237, 'Shimla', 14, 31.1000000000, 77.1700000000, NULL, 0),
(238, 'Tiruvannamalai', 31, 12.2200000000, 79.0700000000, NULL, 0),
(239, 'Kaithal', 13, 29.8000000000, 76.3800000000, NULL, 0),
(240, 'Rajnandgaon', 7, 21.0900000000, 81.0300000000, NULL, 0),
(241, 'Godhra', 12, 22.7500000000, 73.6300000000, NULL, 0),
(242, 'Hazaribag', 16, 23.9800000000, 85.3500000000, NULL, 0),
(243, 'Bhimavaram', 2, 16.5300000000, 81.5300000000, NULL, 0),
(244, 'Mandsaur', 20, 24.0700000000, 75.0700000000, NULL, 0),
(245, 'Dibrugarh', 4, 27.4800000000, 94.9000000000, NULL, 0),
(246, 'Kolar', 17, 13.1300000000, 78.1300000000, NULL, 0),
(247, 'Bankura', 36, 23.2500000000, 87.0700000000, NULL, 0),
(248, 'Mandya', 17, 12.5200000000, 76.9000000000, NULL, 0),
(249, 'Dehri-on-Sone', 5, 24.9200000000, 84.1900000000, NULL, 0),
(250, 'Madanapalle', 2, 13.5500000000, 78.5000000000, NULL, 0),
(251, 'Malerkotla', 28, 30.5200000000, 75.8800000000, NULL, 0),
(252, 'Lalitpur', 34, 24.7600000000, 78.4200000000, NULL, 0),
(253, 'Bettiah', 5, 26.8000000000, 84.5000000000, NULL, 0),
(254, 'Pollachi', 31, 10.6700000000, 77.0200000000, NULL, 0),
(255, 'Khanna', 28, 30.7000000000, 76.2200000000, NULL, 0),
(256, 'Neemuch', 20, 24.4700000000, 74.8600000000, NULL, 0),
(257, 'Palwal', 13, 28.1500000000, 77.3300000000, NULL, 0),
(258, 'Palanpur', 12, 24.1700000000, 72.4300000000, NULL, 0),
(259, 'Guntakal', 2, 15.1700000000, 77.3800000000, NULL, 0),
(260, 'Nabadwip', 36, 23.4200000000, 88.3700000000, NULL, 0),
(261, 'Udupi', 17, 13.3500000000, 74.7500000000, 'UD', 1),
(262, 'Jagdalpur', 7, 19.0700000000, 82.0300000000, NULL, 0),
(263, 'Motihari', 5, 26.6500000000, 84.9200000000, NULL, 0),
(264, 'Pilibhit', 34, 28.6300000000, 79.8000000000, NULL, 0),
(265, 'Dimapur', 25, 25.9000000000, 93.7300000000, NULL, 0),
(266, 'Mohali', 28, 30.7800000000, 76.6900000000, NULL, 0),
(267, 'Sadulpur', 29, 28.6300000000, 75.3800000000, NULL, 0),
(268, 'Rajapalayam', 31, 9.4500000000, 77.5700000000, NULL, 0),
(269, 'Dharmavaram', 2, 14.4300000000, 77.7200000000, NULL, 0),
(270, 'Kashipur', 35, 29.2200000000, 78.9500000000, NULL, 0),
(271, 'Sivakasi', 31, 9.4500000000, 77.8200000000, NULL, 0),
(272, 'Darjiling', 36, 27.0300000000, 88.2700000000, NULL, 0),
(273, 'Chikamagaluru', 17, 13.3100000000, 75.7700000000, NULL, 0),
(274, 'Gudivada', 2, 16.4500000000, 80.9800000000, NULL, 0),
(275, 'Baleshwar Town', 26, 21.4800000000, 86.9200000000, NULL, 0),
(276, 'Mancherial', 32, 18.8700000000, 79.4300000000, NULL, 0),
(277, 'Srikakulam', 2, 18.2900000000, 83.8900000000, NULL, 0),
(278, 'Adilabad', 32, 19.6700000000, 78.5300000000, 'ADIL', 1),
(279, 'Yawatmal', 21, 20.3800000000, 78.1200000000, NULL, 0),
(280, 'Barnala', 28, 30.3800000000, 75.5500000000, NULL, 0),
(281, 'Nagaon', 4, 17.4700000000, 73.6200000000, NULL, 0),
(282, 'Narasaraopet', 2, 16.2500000000, 80.0700000000, NULL, 0),
(283, 'Raigarh', 7, 21.9000000000, 83.4000000000, NULL, 0),
(284, 'Roorkee', 35, 29.8700000000, 77.8800000000, NULL, 0),
(285, 'Valsad', 12, 20.6300000000, 72.9300000000, NULL, 0),
(286, 'Ambikapur', 7, 23.1200000000, 83.2000000000, NULL, 0),
(287, 'Giridih', 16, 24.1800000000, 86.3000000000, NULL, 0),
(288, 'Chandausi', 34, 28.4500000000, 78.7700000000, NULL, 0),
(289, 'Purulia', 36, 23.3300000000, 86.3700000000, NULL, 0),
(290, 'Patan', 12, 23.8300000000, 72.1200000000, NULL, 0),
(291, 'Bagaha', 5, 27.1000000000, 84.0800000000, NULL, 0),
(292, 'Hardoi ', 34, 27.1200000000, 80.1500000000, NULL, 0),
(293, 'Achalpur', 21, 21.2600000000, 77.5100000000, NULL, 0),
(294, 'Osmanabad', 21, 18.1700000000, 76.0500000000, NULL, 0),
(295, 'Deesa', 12, 24.2500000000, 72.1700000000, NULL, 0),
(296, 'Nandurbar', 21, 21.3700000000, 74.2500000000, NULL, 0),
(297, 'Azamgarh', 34, 26.0600000000, 83.1900000000, NULL, 0),
(298, 'Ramgarh', 16, 23.6300000000, 85.5200000000, NULL, 0),
(299, 'Firozpur', 28, 30.9300000000, 74.6200000000, NULL, 0),
(300, 'Baripada Town', 26, 21.9300000000, 86.7500000000, NULL, 0),
(301, 'Karwar', 17, 14.8100000000, 74.1300000000, NULL, 0),
(302, 'Siwan', 5, 26.2200000000, 84.3700000000, NULL, 0),
(303, 'Rajampet', 2, 14.1800000000, 79.1700000000, NULL, 0),
(304, 'Pudukkottai', 31, 10.3800000000, 78.8200000000, NULL, 0),
(305, 'Anantnag', 15, 33.7300000000, 75.1500000000, NULL, 0),
(306, 'Tadpatri', 2, 14.9200000000, 78.0200000000, NULL, 0),
(307, 'Satara', 21, 17.6800000000, 73.9800000000, NULL, 0),
(308, 'Bhadrak', 26, 21.0500000000, 86.4900000000, NULL, 0),
(309, 'Kishanganj', 5, 25.7000000000, 86.9500000000, NULL, 0),
(310, 'Suryapet', 32, 17.1500000000, 79.6200000000, NULL, 0),
(311, 'Wardha', 21, 20.7500000000, 78.6200000000, NULL, 0),
(312, 'Ranebennuru', 17, 14.6100000000, 75.6300000000, NULL, 0),
(313, 'Amreli', 12, 21.6200000000, 71.2300000000, NULL, 0),
(314, 'Neyveli', 31, 11.5400000000, 79.4700000000, NULL, 0),
(315, 'Jamalpur', 5, 25.3000000000, 86.5000000000, NULL, 0),
(316, 'Marmagao', 11, 15.4000000000, 73.8000000000, NULL, 0),
(317, 'Udgir', 21, 18.3800000000, 77.1200000000, NULL, 0),
(318, 'Tadepalligudem', 2, 16.8300000000, 81.5000000000, NULL, 0),
(319, 'Nagapattinam', 31, 10.7700000000, 79.8300000000, NULL, 0),
(320, 'Buxar', 5, 25.5800000000, 83.9800000000, NULL, 0),
(321, 'Aurangabad', 21, 19.8800000000, 75.3300000000, NULL, 0),
(322, 'Jehanabad', 5, 25.1500000000, 84.9800000000, NULL, 0),
(323, 'Phagwara', 28, 31.2200000000, 75.7700000000, NULL, 0),
(324, 'Khair', 34, 27.9200000000, 77.8400000000, NULL, 0),
(325, 'Sawai Madhopur', 29, 25.9800000000, 76.3700000000, NULL, 0),
(326, 'Kapurthala', 28, 31.3800000000, 75.3800000000, NULL, 0),
(327, 'Chilakaluripet', 2, 16.0900000000, 80.1600000000, NULL, 0),
(328, 'Aurangabad', 5, 19.8800000000, 75.3300000000, NULL, 0),
(329, 'Malappuram', 18, 11.0700000000, 76.0700000000, NULL, 0),
(330, 'Rewari', 13, 28.1800000000, 76.6200000000, NULL, 0),
(331, 'Nagaur', 29, 27.2000000000, 73.7300000000, NULL, 0),
(332, 'Sultanpur', 34, 26.2700000000, 82.0700000000, NULL, 0),
(333, 'Nagda', 20, 23.4500000000, 75.4200000000, NULL, 0),
(334, 'Port Blair', 1, 11.6700000000, 92.7500000000, NULL, 0),
(335, 'Lakhisarai', 5, 25.1800000000, 86.1300000000, NULL, 0),
(336, 'Panaji', 11, 15.4800000000, 73.8300000000, NULL, 0),
(337, 'Tinsukia', 4, 27.5000000000, 95.3700000000, NULL, 0),
(338, 'Itarsi', 20, 22.6200000000, 77.7500000000, NULL, 0),
(339, 'Kohima', 25, 25.6700000000, 94.1200000000, NULL, 0),
(340, 'Balangir', 26, 20.7200000000, 83.4800000000, NULL, 0),
(341, 'Nawada', 5, 26.3300000000, 79.3100000000, NULL, 0),
(342, 'Jharsuguda', 26, 21.8500000000, 84.0300000000, NULL, 0),
(343, 'Jagtial', 32, 18.8000000000, 78.9300000000, NULL, 0),
(344, 'Viluppuram', 31, 11.9500000000, 79.2900000000, NULL, 0),
(345, 'Amalner', 21, 21.0500000000, 75.0700000000, NULL, 0),
(346, 'Zirakpur', 28, 30.6400000000, 76.8100000000, NULL, 0),
(347, 'Tanda', 34, 31.6800000000, 75.6300000000, NULL, 0),
(348, 'Tiruchengode', 31, 11.3800000000, 77.8900000000, NULL, 0),
(349, 'Nagina', 34, 29.4500000000, 78.4500000000, NULL, 0),
(350, 'Yemmiganur', 2, 15.7600000000, 77.4700000000, NULL, 0),
(351, 'Vaniyambadi', 31, 12.6800000000, 78.6200000000, NULL, 0),
(352, 'Sarni', 20, 22.1100000000, 78.1600000000, NULL, 0),
(353, 'Theni Allinagaram', 31, 10.0100000000, 77.4700000000, NULL, 0),
(354, 'Margao', 11, 15.2866910000, 73.9698000000, NULL, 0),
(355, 'Akot', 21, 21.1000000000, 77.0600000000, NULL, 0),
(356, 'Sehore', 20, 23.2000000000, 77.0800000000, NULL, 0),
(357, 'Mhow Cantonment', 20, 22.5500000000, 75.7500000000, NULL, 0),
(358, 'Kot Kapura', 28, 30.5800000000, 74.9000000000, NULL, 0),
(359, 'Makrana', 29, 27.0500000000, 74.7200000000, NULL, 0),
(360, 'Pandharpur', 21, 17.6700000000, 75.3300000000, NULL, 0),
(361, 'Miryalaguda', 32, 16.8700000000, 79.5600000000, NULL, 0),
(362, 'Shamli', 34, 29.4500000000, 77.3200000000, NULL, 0),
(363, 'Seoni', 20, 22.0800000000, 79.5300000000, NULL, 0),
(364, 'Ranibennur', 17, 14.6200000000, 75.6200000000, NULL, 0),
(365, 'Kadiri', 2, 14.1200000000, 78.1700000000, NULL, 0),
(366, 'Shrirampur', 21, 19.6200000000, 74.6500000000, NULL, 0),
(367, 'Rudrapur', 35, 22.6300000000, 88.1800000000, NULL, 0),
(368, 'Parli', 21, 18.8400000000, 76.5100000000, NULL, 0),
(369, 'Najibabad', 34, 29.6300000000, 78.3300000000, NULL, 0),
(370, 'Nirmal', 32, 19.1000000000, 78.3500000000, NULL, 0),
(371, 'Udhagamandalam', 31, 11.4000000000, 76.6900000000, NULL, 0),
(372, 'Shikohabad', 34, 27.1000000000, 78.6000000000, NULL, 0),
(373, 'Jhumri Tilaiya', 16, 24.4200000000, 85.5300000000, NULL, 0),
(374, 'Aruppukkottai', 31, 9.5200000000, 78.1000000000, NULL, 0),
(375, 'Ponnani', 18, 10.7700000000, 75.9000000000, NULL, 0),
(376, 'Jamui', 5, 24.9200000000, 86.2200000000, NULL, 0),
(377, 'Sitamarhi', 5, 26.6000000000, 85.4800000000, NULL, 0),
(378, 'Chirala', 2, 15.8200000000, 80.3500000000, NULL, 0),
(379, 'Anjar', 12, 23.1300000000, 70.0200000000, NULL, 0),
(380, 'Karaikal', 27, 10.9200000000, 79.8300000000, NULL, 0),
(381, 'Hansi', 13, 29.1000000000, 75.9700000000, NULL, 0),
(382, 'Anakapalle', 2, 17.6800000000, 83.0200000000, NULL, 0),
(383, 'Mahasamund', 7, 21.1000000000, 82.1000000000, NULL, 0),
(384, 'Faridkot', 28, 30.6700000000, 74.7500000000, NULL, 0),
(385, 'Saunda', 16, 23.6500000000, 85.3400000000, NULL, 0),
(386, 'Dhoraji', 12, 21.7300000000, 70.4500000000, NULL, 0),
(387, 'Paramakudi', 31, 9.5400000000, 78.5900000000, NULL, 0),
(388, 'Balaghat', 20, 21.7800000000, 80.2500000000, NULL, 0),
(389, 'Sujangarh', 29, 27.7000000000, 74.4700000000, NULL, 0),
(390, 'Khambhat', 12, 22.3000000000, 72.6200000000, NULL, 0),
(391, 'Muktsar', 28, 30.4800000000, 74.5200000000, NULL, 0),
(392, 'Rajpura', 28, 30.4800000000, 76.6000000000, NULL, 0),
(393, 'Kavali', 2, 14.9200000000, 79.9800000000, NULL, 0),
(394, 'Dhamtari', 7, 20.7100000000, 81.5500000000, NULL, 0),
(395, 'Ashok Nagar', 20, 13.0400000000, 80.2100000000, NULL, 0),
(396, 'Sardarshahar', 29, 28.4400000000, 74.4900000000, NULL, 0),
(397, 'Mahuva', 12, 21.0800000000, 71.8000000000, NULL, 0),
(398, 'Bargarh', 26, 21.3300000000, 83.6200000000, NULL, 0),
(399, 'Kamareddy', 32, 18.3200000000, 78.3300000000, NULL, 0),
(400, 'Sahibganj', 16, 25.2500000000, 87.6500000000, NULL, 0),
(401, 'Kothagudem', 32, 17.5500000000, 80.6300000000, NULL, 0),
(402, 'Ramanagaram', 17, 12.7900000000, 77.2800000000, NULL, 0),
(403, 'Gokak', 17, 16.1700000000, 74.8300000000, NULL, 0),
(404, 'Tikamgarh', 20, 24.7500000000, 78.8300000000, NULL, 0),
(405, 'Araria', 5, 26.1500000000, 87.5200000000, NULL, 0),
(406, 'Rishikesh', 35, 30.1200000000, 78.3200000000, NULL, 0),
(407, 'Shahdol', 20, 23.2800000000, 81.3500000000, NULL, 0),
(408, 'Medininagar (Daltonganj)', 16, 24.0400000000, 84.0900000000, NULL, 0),
(409, 'Arakkonam', 31, 13.1000000000, 79.6700000000, NULL, 0),
(410, 'Washim', 21, 20.1000000000, 77.1500000000, NULL, 0),
(411, 'Sangrur', 28, 30.2300000000, 75.8300000000, NULL, 0),
(412, 'Bodhan', 32, 18.6700000000, 77.9000000000, NULL, 0),
(413, 'Fazilka', 28, 30.4000000000, 74.0300000000, NULL, 0),
(414, 'Palacole', 2, 16.5100000000, 81.7200000000, NULL, 0),
(415, 'Keshod', 12, 21.3000000000, 70.2500000000, NULL, 0),
(416, 'Sullurpeta', 2, 13.7000000000, 80.0100000000, NULL, 0),
(417, 'Wadhwan', 12, 22.7000000000, 71.6800000000, NULL, 0),
(418, 'Gurdaspur', 28, 32.0300000000, 75.5200000000, NULL, 0),
(419, 'Vatakara', 18, 11.6000000000, 75.5900000000, NULL, 0),
(420, 'Tura', 23, 25.5200000000, 90.2200000000, NULL, 0),
(421, 'Narnaul', 13, 28.0400000000, 76.1100000000, NULL, 0),
(422, 'Kharar', 28, 30.7400000000, 76.6500000000, NULL, 0),
(423, 'Yadgir', 17, 16.7700000000, 77.1300000000, NULL, 0),
(424, 'Ambejogai', 21, 18.7300000000, 76.3800000000, NULL, 0),
(425, 'Ankleshwar', 12, 21.6000000000, 73.0000000000, NULL, 0),
(426, 'Savarkundla', 12, 21.3400000000, 71.3000000000, NULL, 0),
(427, 'Paradip', 26, 20.3200000000, 86.6200000000, NULL, 0),
(428, 'Virudhachalam', 31, 11.5200000000, 79.3300000000, NULL, 0),
(429, 'Kanhangad', 18, 12.3200000000, 75.0700000000, NULL, 0),
(430, 'Kadi', 12, 23.3000000000, 72.3300000000, NULL, 0),
(431, 'Srivilliputhur', 31, 9.5200000000, 77.6300000000, NULL, 0),
(432, 'Gobindgarh', 28, 30.6600000000, 76.3300000000, NULL, 0),
(433, 'Tindivanam', 31, 12.2500000000, 79.6500000000, NULL, 0),
(434, 'Mansa', 28, 29.9800000000, 75.3800000000, NULL, 0),
(435, 'Taliparamba', 18, 12.0500000000, 75.3500000000, NULL, 0),
(436, 'Manmad', 21, 20.2500000000, 74.4500000000, NULL, 0),
(437, 'Tanuku', 2, 16.7500000000, 81.7000000000, NULL, 0),
(438, 'Rayachoti', 2, 14.0500000000, 78.7500000000, NULL, 0),
(439, 'Virudhunagar', 31, 9.5680000000, 77.9600000000, NULL, 0),
(440, 'Koyilandy', 18, 11.4400000000, 75.6900000000, NULL, 0),
(441, 'Jorhat', 4, 26.7500000000, 94.2200000000, NULL, 0),
(442, 'Karur', 31, 10.9500000000, 78.0800000000, NULL, 0),
(443, 'Valparai', 31, 10.3200000000, 76.9500000000, NULL, 0),
(444, 'Srikalahasti', 2, 13.7500000000, 79.7000000000, NULL, 0),
(445, 'Neyyattinkara', 18, 8.4000000000, 77.0800000000, NULL, 0),
(446, 'Bapatla', 2, 15.9000000000, 80.4700000000, NULL, 0),
(447, 'Fatehabad', 13, 29.5200000000, 75.4500000000, NULL, 0),
(448, 'Malout', 28, 30.1800000000, 74.5000000000, NULL, 0),
(449, 'Sankarankovil', 31, 9.1700000000, 77.5500000000, NULL, 0),
(450, 'Tenkasi', 31, 8.9700000000, 77.3000000000, NULL, 0),
(451, 'Ratnagiri', 21, 16.9800000000, 73.3000000000, NULL, 0),
(452, 'Rabkavi Banhatti', 17, 16.4800000000, 75.1200000000, NULL, 0),
(453, 'Sikandrabad', 34, 28.4500000000, 77.7000000000, NULL, 0),
(454, 'Chaibasa', 16, 22.5700000000, 85.8200000000, NULL, 0),
(455, 'Chirmiri', 7, 23.1800000000, 82.3500000000, NULL, 0),
(456, 'Palwancha', 32, 17.6000000000, 80.7000000000, NULL, 0),
(457, 'Bhawanipatna', 26, 19.9000000000, 83.1700000000, NULL, 0),
(458, 'Kayamkulam', 18, 9.1800000000, 76.5000000000, NULL, 0),
(459, 'Pithampur', 20, 22.6100000000, 75.6700000000, NULL, 0),
(460, 'Nabha', 28, 30.3700000000, 76.1500000000, NULL, 0),
(461, 'Shahabad', 34, 27.6400000000, 79.9400000000, NULL, 0),
(462, 'Dhenkanal', 26, 20.6700000000, 85.6000000000, NULL, 0),
(463, 'Uran Islampur', 21, 17.0500000000, 74.2600000000, NULL, 0),
(464, 'Gopalganj', 5, 26.4700000000, 84.4300000000, NULL, 0),
(465, 'Bongaigaon City', 4, 26.6500000000, 90.5300000000, NULL, 0),
(466, 'Palani', 31, 10.4700000000, 77.5300000000, NULL, 0),
(467, 'Pusad', 21, 19.9100000000, 77.5000000000, NULL, 0),
(468, 'Sopore', 15, 34.2900000000, 74.4700000000, NULL, 0),
(469, 'Pilkhuwa', 34, 28.7200000000, 77.6500000000, NULL, 0),
(470, 'Tarn Taran', 28, 31.4500000000, 74.9300000000, NULL, 0),
(471, 'Renukoot', 34, 24.2000000000, 83.0300000000, NULL, 0),
(472, 'Mandamarri', 32, 18.9800000000, 79.4700000000, NULL, 0),
(473, 'Shahabad', 17, 30.1700000000, 76.8700000000, NULL, 0),
(474, 'Barbil', 26, 21.6600000000, 85.6400000000, NULL, 0),
(475, 'Koratla', 32, 18.8200000000, 78.7200000000, NULL, 0),
(476, 'Madhubani', 5, 26.4600000000, 86.1600000000, NULL, 0),
(477, 'Arambagh', 36, 22.8800000000, 87.7800000000, NULL, 0),
(478, 'Gohana', 13, 29.1300000000, 76.7000000000, NULL, 0),
(479, 'Ladnu', 29, 27.6400000000, 74.3800000000, NULL, 0),
(480, 'Pattukkottai', 31, 10.4300000000, 79.3200000000, NULL, 0),
(481, 'Sirsi', 17, 14.6200000000, 74.8500000000, NULL, 0),
(482, 'Sircilla', 32, 18.3800000000, 78.8000000000, NULL, 0),
(483, 'Tamluk', 36, 22.3000000000, 87.9200000000, NULL, 0),
(484, 'Jagraon', 28, 30.7800000000, 75.4800000000, NULL, 0),
(485, 'AlipurdUrban Agglomerationr', 36, NULL, NULL, NULL, 0),
(486, 'Alirajpur', 20, 22.3400000000, 74.4900000000, NULL, 0),
(487, 'Tandur', 32, 17.2300000000, 77.5800000000, NULL, 0),
(488, 'Naidupet', 2, 13.9000000000, 79.8900000000, NULL, 0),
(489, 'Tirupathur', 31, 12.5000000000, 78.5700000000, NULL, 0),
(490, 'Tohana', 13, 29.7000000000, 75.9000000000, NULL, 0),
(491, 'Ratangarh', 29, 28.0800000000, 74.6200000000, NULL, 0),
(492, 'Dhubri', 4, 26.0300000000, 89.9700000000, NULL, 0),
(493, 'Masaurhi', 5, 25.3500000000, 85.0300000000, NULL, 0),
(494, 'Visnagar', 12, 23.7000000000, 72.5500000000, NULL, 0),
(495, 'Vrindavan', 34, 27.5800000000, 77.7000000000, NULL, 0),
(496, 'Nokha', 29, 27.6000000000, 73.4200000000, NULL, 0),
(497, 'Nagari', 2, 13.3200000000, 79.5800000000, NULL, 0),
(498, 'Narwana', 13, 29.6200000000, 76.1200000000, NULL, 0),
(499, 'Ramanathapuram', 31, 9.3800000000, 78.8300000000, NULL, 0),
(500, 'Ujhani', 34, 28.0300000000, 79.0000000000, NULL, 0),
(501, 'Samastipur', 5, 25.8500000000, 85.7800000000, NULL, 0),
(502, 'Laharpur', 34, 27.7100000000, 80.9000000000, NULL, 0),
(503, 'Sangamner', 21, 19.5700000000, 74.2200000000, NULL, 0),
(504, 'Nimbahera', 29, 24.6200000000, 74.6800000000, NULL, 0),
(505, 'Siddipet', 32, 18.1000000000, 78.8500000000, NULL, 0),
(506, 'Suri', 36, 23.9200000000, 87.5300000000, NULL, 0),
(507, 'Diphu', 4, 25.8300000000, 93.4300000000, NULL, 0),
(508, 'Jhargram', 36, 22.4500000000, 86.9800000000, NULL, 0),
(509, 'Shirpur-Warwade', 21, 21.3700000000, 74.8600000000, NULL, 0),
(510, 'Tilhar', 34, 27.9600000000, 79.7300000000, NULL, 0),
(511, 'Sindhnur', 17, 15.7800000000, 76.7700000000, NULL, 0),
(512, 'Udumalaipettai', 31, 10.5800000000, 77.2500000000, NULL, 0),
(513, 'Malkapur', 21, 20.8800000000, 76.2100000000, NULL, 0),
(514, 'Wanaparthy', 32, 16.3600000000, 78.0600000000, NULL, 0),
(515, 'Gudur', 2, 17.4800000000, 78.8200000000, NULL, 0),
(516, 'Kendujhar', 26, 21.5100000000, 85.6800000000, NULL, 0),
(517, 'Mandla', 20, 22.6000000000, 80.3800000000, NULL, 0),
(518, 'Mandi', 14, 31.7200000000, 76.9200000000, NULL, 0),
(519, 'Nedumangad', 18, 8.6000000000, 77.0000000000, NULL, 0),
(520, 'North Lakhimpur', 4, 27.2300000000, 94.1200000000, NULL, 0),
(521, 'Vinukonda', 2, 16.0500000000, 79.7500000000, NULL, 0),
(522, 'Tiptur', 17, 13.2600000000, 76.4800000000, NULL, 0),
(523, 'Gobichettipalayam', 31, 11.4700000000, 77.4500000000, NULL, 0),
(524, 'Sunabeda', 26, 18.7300000000, 82.8300000000, NULL, 0),
(525, 'Wani', 21, 20.0700000000, 78.9500000000, NULL, 0),
(526, 'Upleta', 12, 21.7300000000, 70.2700000000, NULL, 0),
(527, 'Narasapuram', 2, 16.4400000000, 81.6900000000, NULL, 0),
(528, 'Nuzvid', 2, 16.7800000000, 80.8500000000, NULL, 0),
(529, 'Tezpur', 4, 26.6300000000, 92.8000000000, NULL, 0),
(530, 'Una', 12, 31.4800000000, 76.2800000000, NULL, 0),
(531, 'Markapur', 2, 15.7300000000, 79.2800000000, NULL, 0),
(532, 'Sheopur', 20, 25.6701074000, 76.6791842000, NULL, 0),
(533, 'Thiruvarur', 31, 10.7700000000, 79.6500000000, NULL, 0),
(534, 'Sidhpur', 12, 29.7600000000, 78.7400000000, NULL, 0),
(535, 'Sahaswan', 34, 28.0700000000, 78.7500000000, NULL, 0),
(536, 'Suratgarh', 29, 29.3200000000, 73.9000000000, NULL, 0),
(537, 'Shajapur', 20, 23.4200000000, 76.2700000000, NULL, 0),
(538, 'Rayagada', 26, 19.1700000000, 83.4200000000, NULL, 0),
(539, 'Lonavla', 21, 18.7500000000, 73.4200000000, NULL, 0),
(540, 'Ponnur', 2, 16.0700000000, 80.5500000000, NULL, 0),
(541, 'Kagaznagar', 32, 19.3500000000, 79.4800000000, NULL, 0),
(542, 'Gadwal', 32, 16.2300000000, 77.8000000000, NULL, 0),
(543, 'Bhatapara', 7, 21.7300000000, 81.9300000000, NULL, 0),
(544, 'Kandukur', 2, 13.7500000000, 78.1700000000, NULL, 0),
(545, 'Sangareddy', 32, 17.6100000000, 78.0800000000, NULL, 0),
(546, 'Unjha', 12, 23.8000000000, 72.4000000000, NULL, 0),
(547, 'Lunglei', 24, 22.8800000000, 92.7300000000, NULL, 0),
(548, 'Karimganj', 4, 24.8700000000, 92.3500000000, NULL, 0),
(549, 'Kannur', 18, 11.8700000000, 75.3700000000, NULL, 0),
(550, 'Bobbili', 2, 18.5700000000, 83.3700000000, NULL, 0),
(551, 'Mokameh', 5, 25.3900000000, 85.9100000000, NULL, 0),
(552, 'Talegaon Dabhade', 21, 18.7200000000, 73.6800000000, NULL, 0),
(553, 'Anjangaon', 21, 21.1600000000, 77.3100000000, NULL, 0),
(554, 'Mangrol', 12, 21.1200000000, 70.1200000000, NULL, 0),
(555, 'Sunam', 28, 30.1300000000, 75.8000000000, NULL, 0),
(556, 'Gangarampur', 36, 25.4000000000, 88.5200000000, NULL, 0),
(557, 'Thiruvallur', 31, 13.2500000000, 80.0000000000, NULL, 0),
(558, 'Tirur', 18, 10.9000000000, 75.9200000000, NULL, 0),
(559, 'Rath', 34, 25.6000000000, 79.5600000000, NULL, 0),
(560, 'Jatani', 26, 20.1700000000, 85.7000000000, NULL, 0),
(561, 'Viramgam', 12, 23.1200000000, 72.0300000000, NULL, 0),
(562, 'Rajsamand', 29, 25.0700000000, 73.8800000000, NULL, 0),
(563, 'Yanam', 27, 16.7300000000, 82.2200000000, NULL, 0),
(564, 'Kottayam', 18, 9.5800000000, 76.5200000000, NULL, 0),
(565, 'Panruti', 31, 11.7700000000, 79.5500000000, NULL, 0),
(566, 'Dhuri', 28, 30.3700000000, 75.8700000000, NULL, 0),
(567, 'Namakkal', 31, 11.2300000000, 78.1700000000, NULL, 0),
(568, 'Kasaragod', 18, 12.5000000000, 75.0000000000, NULL, 0),
(569, 'Modasa', 12, 23.4700000000, 73.3000000000, NULL, 0),
(570, 'Rayadurg', 2, 14.6900000000, 76.8500000000, NULL, 0),
(571, 'Supaul', 5, 26.1200000000, 86.6000000000, NULL, 0),
(572, 'Kunnamkulam', 18, 10.6500000000, 76.0800000000, NULL, 0),
(573, 'Umred', 21, 20.8400000000, 79.3200000000, NULL, 0),
(574, 'Bellampalle', 32, 19.0700000000, 79.4900000000, NULL, 0),
(575, 'Sibsagar', 4, 26.9800000000, 94.6300000000, NULL, 0),
(576, 'Mandi Dabwali', 13, 29.9600000000, 74.7000000000, NULL, 0),
(577, 'Ottappalam', 18, 10.7700000000, 76.3800000000, NULL, 0),
(578, 'Dumraon', 5, 25.5500000000, 84.1500000000, NULL, 0),
(579, 'Samalkot', 2, 17.0500000000, 82.1800000000, NULL, 0),
(580, 'Jaggaiahpet', 2, 16.9000000000, 80.1000000000, NULL, 0),
(581, 'Goalpara', 4, 26.1700000000, 90.6200000000, NULL, 0),
(582, 'Tuni', 2, 17.3500000000, 82.5500000000, NULL, 0),
(583, 'Lachhmangarh', 29, 27.8100000000, 75.0300000000, NULL, 0),
(584, 'Bhongir', 32, 17.5100000000, 78.8900000000, NULL, 0),
(585, 'Amalapuram', 2, 16.5800000000, 82.0200000000, NULL, 0),
(586, 'Firozpur Cantt.', 28, 30.9100000000, 74.6200000000, NULL, 0),
(587, 'Vikarabad', 32, 17.3300000000, 77.9000000000, NULL, 0),
(588, 'Thiruvalla', 18, 9.3800000000, 76.5700000000, NULL, 0),
(589, 'Sherkot', 34, 29.3500000000, 78.5800000000, NULL, 0),
(590, 'Palghar', 21, 19.6800000000, 72.7500000000, NULL, 0),
(591, 'Shegaon', 21, 20.7800000000, 76.6800000000, NULL, 0),
(592, 'Jangaon', 32, 17.6000000000, 78.8800000000, NULL, 0),
(593, 'Bheemunipatnam', 2, 17.9000000000, 83.4200000000, NULL, 0),
(594, 'Panna', 20, 24.7200000000, 80.2000000000, NULL, 0),
(595, 'Thodupuzha', 18, 9.8900000000, 76.7200000000, NULL, 0),
(596, 'KathUrban Agglomeration', 0, NULL, NULL, NULL, 0),
(597, 'Palitana', 12, 21.5200000000, 71.8300000000, NULL, 0),
(598, 'Arwal', 5, 25.1600000000, 84.6600000000, NULL, 0),
(599, 'Venkatagiri', 2, 13.9700000000, 79.5800000000, NULL, 0),
(600, 'Kalpi', 34, 26.1200000000, 79.7400000000, NULL, 0),
(601, 'Rajgarh (Churu)', 29, 23.8500000000, 76.7300000000, NULL, 0),
(602, 'Sattenapalle', 2, 16.3900000000, 80.1500000000, NULL, 0),
(603, 'Arsikere', 17, 13.3100000000, 76.2500000000, NULL, 0),
(604, 'Ozar', 21, 20.1000000000, 73.9300000000, NULL, 0),
(605, 'Thirumangalam', 31, 13.0900000000, 80.2100000000, NULL, 0),
(606, 'Petlad', 12, 22.4700000000, 72.8000000000, NULL, 0),
(607, 'Nasirabad', 29, 26.2900000000, 74.7300000000, NULL, 0),
(608, 'Phaltan', 21, 17.9800000000, 74.4300000000, NULL, 0),
(609, 'Rampurhat', 36, 24.1800000000, 87.7800000000, NULL, 0),
(610, 'Nanjangud', 17, 12.1200000000, 76.6800000000, NULL, 0),
(611, 'Forbesganj', 5, 26.2900000000, 87.2600000000, NULL, 0),
(612, 'Tundla', 34, 27.2000000000, 78.2800000000, NULL, 0),
(613, 'BhabUrban Agglomeration', 5, NULL, NULL, NULL, 0),
(614, 'Sagara', 17, 14.6700000000, 75.0400000000, NULL, 0),
(615, 'Pithapuram', 2, 17.1200000000, 82.2700000000, NULL, 0),
(616, 'Sira', 17, 13.7500000000, 76.9100000000, NULL, 0),
(617, 'Bhadrachalam', 32, 17.6700000000, 80.8800000000, NULL, 0),
(618, 'Charkhi Dadri', 13, 28.6000000000, 76.2700000000, NULL, 0),
(619, 'Chatra', 16, 24.3800000000, 87.8500000000, NULL, 0),
(620, 'Palasa Kasibugga', 2, 18.7600000000, 84.4300000000, NULL, 0),
(621, 'Nohar', 29, 29.1700000000, 74.7600000000, NULL, 0),
(622, 'Yevla', 21, 20.0400000000, 74.4800000000, NULL, 0),
(623, 'Sirhind Fatehgarh Sahib', 28, 30.6200000000, 76.3800000000, NULL, 0),
(624, 'Bhainsa', 32, 19.1000000000, 77.9700000000, NULL, 0),
(625, 'Parvathipuram', 2, 18.7800000000, 83.4200000000, NULL, 0),
(626, 'Shahade', 21, 21.5300000000, 74.4600000000, NULL, 0),
(627, 'Chalakudy', 18, 10.3000000000, 76.3300000000, NULL, 0),
(628, 'Narkatiaganj', 5, 27.1000000000, 84.4600000000, NULL, 0),
(629, 'Kapadvanj', 12, 23.0200000000, 73.0700000000, NULL, 0),
(630, 'Macherla', 2, 16.4800000000, 79.4300000000, NULL, 0),
(631, 'Raghogarh-Vijaypur', 20, 24.4800000000, 77.1600000000, NULL, 0),
(632, 'Rupnagar', 28, 30.9600000000, 76.5200000000, NULL, 0),
(633, 'Naugachhia', 5, 25.3800000000, 87.0900000000, NULL, 0),
(634, 'Sendhwa', 20, 21.6800000000, 75.1000000000, NULL, 0),
(635, 'Byasanagar', 26, 20.9400000000, 86.1100000000, NULL, 0),
(636, 'Sandila', 34, 27.0700000000, 80.5100000000, NULL, 0),
(637, 'Gooty', 2, 15.1200000000, 77.6300000000, NULL, 0),
(638, 'Salur', 2, 18.5100000000, 83.2000000000, NULL, 0),
(639, 'Nanpara', 34, 27.8600000000, 81.4900000000, NULL, 0),
(640, 'Sardhana', 34, 29.1500000000, 77.6200000000, NULL, 0),
(641, 'Vita', 21, 17.2800000000, 74.5500000000, NULL, 0),
(642, 'Gumia', 16, 23.8000000000, 85.8200000000, NULL, 0),
(643, 'Puttur', 17, 12.7700000000, 75.2200000000, NULL, 0),
(644, 'Jalandhar Cantt.', 28, 31.2800000000, 75.6200000000, NULL, 0),
(645, 'Nehtaur', 34, 29.3200000000, 78.3800000000, NULL, 0),
(646, 'Changanassery', 18, 9.4400000000, 76.5400000000, NULL, 0),
(647, 'Mandapeta', 2, 16.8700000000, 81.9300000000, NULL, 0),
(648, 'Dumka', 16, 24.2700000000, 87.2500000000, NULL, 0),
(649, 'Seohara', 34, 29.2200000000, 78.5800000000, NULL, 0),
(650, 'Umarkhed', 21, 19.5900000000, 77.6900000000, NULL, 0),
(651, 'Madhupur', 16, 24.2500000000, 86.6500000000, NULL, 0),
(652, 'Vikramasingapuram', 31, 8.7100000000, 77.3800000000, NULL, 0),
(653, 'Punalur', 18, 9.0000000000, 76.9300000000, NULL, 0),
(654, 'Kendrapara', 26, 20.5000000000, 86.4200000000, NULL, 0),
(655, 'Sihor', 12, 21.7200000000, 71.9500000000, NULL, 0),
(656, 'Nellikuppam', 31, 11.7700000000, 79.6600000000, NULL, 0),
(657, 'Samana', 28, 30.1600000000, 76.1900000000, NULL, 0),
(658, 'Warora', 21, 20.2300000000, 79.0000000000, NULL, 0),
(659, 'Nilambur', 18, 11.2800000000, 76.2500000000, NULL, 0),
(660, 'Rasipuram', 31, 11.4700000000, 78.1700000000, NULL, 0),
(661, 'Ramnagar', 35, 29.4000000000, 79.1200000000, NULL, 0),
(662, 'Jammalamadugu', 2, 14.8300000000, 78.4000000000, NULL, 0),
(663, 'Nawanshahr', 28, 32.6100000000, 74.7300000000, NULL, 0),
(664, 'Thoubal', 22, 24.6300000000, 94.0200000000, NULL, 0),
(665, 'Athni', 17, 16.7200000000, 75.0600000000, NULL, 0),
(666, 'Cherthala', 18, 9.6800000000, 76.3400000000, NULL, 0),
(667, 'Sidhi', 20, 24.4200000000, 81.8800000000, NULL, 0),
(668, 'Farooqnagar', 32, 17.0700000000, 78.1900000000, NULL, 0),
(669, 'Peddapuram', 2, 17.0800000000, 82.1300000000, NULL, 0),
(670, 'Chirkunda', 16, 23.7400000000, 86.7800000000, NULL, 0),
(671, 'Pachora', 21, 20.6700000000, 75.3500000000, NULL, 0),
(672, 'Madhepura', 5, 25.8600000000, 86.9400000000, NULL, 0),
(673, 'Pithoragarh', 35, 29.5800000000, 80.2200000000, NULL, 0),
(674, 'Tumsar', 21, 21.3800000000, 79.7300000000, NULL, 0),
(675, 'Phalodi', 29, 27.1300000000, 72.3700000000, NULL, 0),
(676, 'Tiruttani', 31, 13.1800000000, 79.6300000000, NULL, 0),
(677, 'Rampura Phul', 28, 30.2700000000, 75.2400000000, NULL, 0),
(678, 'Perinthalmanna', 18, 10.9700000000, 76.2200000000, NULL, 0),
(679, 'Padrauna', 34, 26.9000000000, 83.9800000000, NULL, 0),
(680, 'Pipariya', 20, 21.8200000000, 77.6200000000, NULL, 0),
(681, 'Dalli-Rajhara', 7, 20.5800000000, 81.0800000000, NULL, 0),
(682, 'Punganur', 2, 13.3600000000, 78.5700000000, NULL, 0),
(683, 'Mattannur', 18, 11.9200000000, 75.5700000000, NULL, 0),
(684, 'Mathura', 34, 27.5000000000, 77.6800000000, NULL, 0),
(685, 'Thakurdwara', 34, 29.1900000000, 78.8600000000, NULL, 0),
(686, 'Nandivaram-Guduvancheri', 31, 12.8400000000, 80.0600000000, NULL, 0),
(687, 'Mulbagal', 17, 13.1600000000, 78.3900000000, NULL, 0),
(688, 'Manjlegaon', 21, 19.1800000000, 76.2200000000, NULL, 0),
(689, 'Wankaner', 12, 22.6200000000, 70.9300000000, NULL, 0),
(690, 'Sillod', 21, 20.3000000000, 75.6500000000, NULL, 0),
(691, 'Nidadavole', 2, 16.9200000000, 81.6700000000, NULL, 0),
(692, 'Surapura', 17, 16.5200000000, 76.7600000000, NULL, 0),
(693, 'Rajagangapur', 26, 22.1900000000, 84.5700000000, NULL, 0),
(694, 'Sheikhpura', 5, 25.0800000000, 85.8800000000, NULL, 0),
(695, 'Parlakhemundi', 26, 18.7700000000, 84.0900000000, NULL, 0),
(696, 'Kalimpong', 36, 27.0700000000, 88.4800000000, NULL, 0),
(697, 'Siruguppa', 17, 15.6300000000, 76.9000000000, NULL, 0),
(698, 'Arvi', 21, 20.9800000000, 78.2300000000, NULL, 0),
(699, 'Limbdi', 12, 22.5700000000, 71.8000000000, NULL, 0),
(700, 'Barpeta', 4, 26.3200000000, 91.0000000000, NULL, 0),
(701, 'Manglaur', 35, 29.7900000000, 77.8000000000, NULL, 0),
(702, 'Repalle', 2, 16.0200000000, 80.8500000000, NULL, 0),
(703, 'Mudhol', 17, 16.3500000000, 75.2800000000, NULL, 0),
(704, 'Shujalpur', 20, 23.4000000000, 76.7200000000, NULL, 0),
(705, 'Mandvi', 12, 21.2500000000, 73.3000000000, NULL, 0),
(706, 'Thangadh', 12, 22.5700000000, 71.2000000000, NULL, 0),
(707, 'Sironj', 20, 24.0900000000, 77.6700000000, NULL, 0),
(708, 'Nandura', 21, 20.8300000000, 76.4500000000, NULL, 0),
(709, 'Shoranur', 18, 10.7700000000, 76.2800000000, NULL, 0),
(710, 'Nathdwara', 29, 24.9300000000, 73.8200000000, NULL, 0),
(711, 'Periyakulam', 31, 10.1100000000, 77.5400000000, NULL, 0),
(712, 'Sultanganj', 5, 22.3500000000, 88.2200000000, NULL, 0),
(713, 'Medak', 32, 18.0300000000, 78.2700000000, 'MDK', 1),
(714, 'Narayanpet', 32, 16.7400000000, 77.4900000000, 'NRYPT', 1),
(715, 'Raxaul Bazar', 5, 26.9700000000, 84.8500000000, NULL, 0),
(716, 'Rajouri', 15, 33.3700000000, 74.3100000000, NULL, 0),
(717, 'Pernampattu', 31, 12.9300000000, 78.7100000000, NULL, 0),
(718, 'Nainital', 35, 29.3800000000, 79.4500000000, NULL, 0),
(719, 'Ramachandrapuram', 2, 16.8500000000, 82.0200000000, NULL, 0),
(720, 'Vaijapur', 21, 19.9200000000, 74.7200000000, NULL, 0),
(721, 'Nangal', 28, 28.5500000000, 75.6600000000, NULL, 0),
(722, 'Sidlaghatta', 17, 13.3900000000, 77.8600000000, NULL, 0),
(723, 'Punch', 15, 33.4600000000, 74.5000000000, NULL, 0),
(724, 'Pandhurna', 20, 21.5900000000, 78.5200000000, NULL, 0),
(725, 'Wadgaon Road', 21, 20.3700000000, 78.1000000000, NULL, 0),
(726, 'Talcher', 26, 20.9500000000, 85.2200000000, NULL, 0),
(727, 'Varkala', 18, 8.7300000000, 76.7200000000, NULL, 0),
(728, 'Pilani', 29, 28.3700000000, 75.6000000000, NULL, 0),
(729, 'Nowgong', 20, 25.0593539000, 79.4098657000, NULL, 0),
(730, 'Naila Janjgir', 7, 22.0100000000, 82.5700000000, NULL, 0),
(731, 'Mapusa', 11, 15.6000000000, 73.8100000000, NULL, 0),
(732, 'Vellakoil', 31, 10.9400000000, 77.7100000000, NULL, 0),
(733, 'Merta City', 29, 26.6400000000, 74.0300000000, NULL, 0),
(734, 'Sivaganga', 31, 9.8700000000, 78.4800000000, NULL, 0),
(735, 'Mandideep', 20, 23.0900000000, 77.5000000000, NULL, 0),
(736, 'Sailu', 21, 19.4700000000, 76.4700000000, NULL, 0),
(737, 'Vyara', 12, 21.1200000000, 73.4000000000, NULL, 0),
(738, 'Kovvur', 2, 17.0200000000, 81.7300000000, NULL, 0),
(739, 'Vadalur', 31, 11.5500000000, 79.5500000000, NULL, 0),
(740, 'Nawabganj', 34, 26.9900000000, 81.2500000000, NULL, 0),
(741, 'Padra', 12, 22.2300000000, 73.0800000000, NULL, 0),
(742, 'Sainthia', 36, 23.9500000000, 87.6700000000, NULL, 0),
(743, 'Siana', 34, 28.6200000000, 78.0600000000, NULL, 0),
(744, 'Shahpur', 17, 29.3500000000, 77.5400000000, NULL, 0),
(745, 'Sojat', 29, 25.9200000000, 73.6700000000, NULL, 0),
(746, 'Noorpur', 34, 29.1500000000, 78.4100000000, NULL, 0),
(747, 'Paravoor', 18, 8.7800000000, 76.7000000000, NULL, 0),
(748, 'Murtijapur', 21, 20.7200000000, 77.3600000000, NULL, 0),
(749, 'Ramnagar', 5, 29.4000000000, 79.1200000000, NULL, 0),
(750, 'Sundargarh', 26, 22.1200000000, 84.0300000000, NULL, 0),
(751, 'Taki', 36, 22.5800000000, 88.9000000000, NULL, 0),
(752, 'Saundatti-Yellamma', 17, 15.7500000000, 75.1200000000, NULL, 0),
(753, 'Pathanamthitta', 18, 9.2700000000, 76.7800000000, NULL, 0),
(754, 'Wadi', 17, 17.0700000000, 76.9800000000, NULL, 0),
(755, 'Rameshwaram', 31, 9.2800000000, 79.3100000000, NULL, 0),
(756, 'Tasgaon', 21, 17.0300000000, 74.6000000000, NULL, 0),
(757, 'Sikandra Rao', 34, 27.6800000000, 78.3700000000, NULL, 0),
(758, 'Sihora', 20, 23.4800000000, 80.1000000000, NULL, 0),
(759, 'Tiruvethipuram', 31, 12.6600000000, 79.5400000000, NULL, 0),
(760, 'Tiruvuru', 2, 17.1000000000, 80.6000000000, NULL, 0),
(761, 'Mehkar', 21, 20.1400000000, 76.5700000000, NULL, 0),
(762, 'Peringathur', 18, 11.7100000000, 75.5800000000, NULL, 0),
(763, 'Perambalur', 31, 11.2300000000, 78.8800000000, NULL, 0),
(764, 'Manvi', 17, 16.1700000000, 77.0300000000, NULL, 0),
(765, 'Zunheboto', 25, 26.0000000000, 94.5200000000, NULL, 0),
(766, 'Mahnar Bazar', 5, 25.6100000000, 85.4800000000, NULL, 0),
(767, 'Attingal', 18, 8.6800000000, 76.8300000000, NULL, 0),
(768, 'Shahbad', 13, 30.1600000000, 76.8600000000, NULL, 0),
(769, 'Puranpur', 34, 28.5200000000, 80.1500000000, NULL, 0),
(770, 'Nelamangala', 17, 13.1000000000, 77.3900000000, NULL, 0),
(771, 'Nakodar', 28, 31.1300000000, 75.4700000000, NULL, 0),
(772, 'Lunawada', 12, 23.1300000000, 73.6100000000, NULL, 0),
(773, 'Murshidabad', 36, 24.1800000000, 88.2700000000, NULL, 0),
(774, 'Mahe', 27, 11.7000000000, 75.5300000000, NULL, 0),
(775, 'Lanka', 4, 19.2300000000, 80.7700000000, NULL, 0),
(776, 'Rudauli', 34, 26.7500000000, 81.7500000000, NULL, 0),
(777, 'Tuensang', 25, 26.2600000000, 94.8100000000, NULL, 0),
(778, 'Lakshmeshwar', 17, 15.1200000000, 75.4700000000, NULL, 0),
(779, 'Zira', 28, 30.9700000000, 74.9900000000, NULL, 0),
(780, 'Yawal', 21, 21.1600000000, 75.6900000000, NULL, 0),
(781, 'Thana Bhawan', 34, 29.5800000000, 77.4100000000, NULL, 0),
(782, 'Ramdurg', 17, 15.9500000000, 75.2900000000, NULL, 0),
(783, 'Pulgaon', 21, 20.7300000000, 78.3300000000, NULL, 0),
(784, 'Sadasivpet', 32, 17.6200000000, 77.9500000000, NULL, 0),
(785, 'Nargund', 17, 15.7200000000, 75.3800000000, NULL, 0),
(786, 'Neem-Ka-Thana', 29, 27.7300000000, 75.7700000000, NULL, 0),
(787, 'Memari', 36, 23.2000000000, 88.1200000000, NULL, 0),
(788, 'Nilanga', 21, 18.1000000000, 76.7700000000, NULL, 0),
(789, 'Naharlagun', 3, 27.1000000000, 93.7000000000, NULL, 0),
(790, 'Pakaur', 16, 24.6300000000, 87.8500000000, NULL, 0),
(791, 'Wai', 21, 17.9300000000, 73.9000000000, NULL, 0),
(792, 'Tarikere', 17, 13.7200000000, 75.8200000000, NULL, 0),
(793, 'Malavalli', 17, 12.3800000000, 77.0800000000, NULL, 0),
(794, 'Raisen', 20, 23.3300000000, 77.8000000000, NULL, 0),
(795, 'Lahar', 20, 26.1900000000, 78.9400000000, NULL, 0),
(796, 'Uravakonda', 2, 14.9400000000, 77.2600000000, NULL, 0),
(797, 'Savanur', 17, 14.9700000000, 75.3500000000, NULL, 0),
(798, 'Sirohi', 29, 24.8800000000, 72.8700000000, NULL, 0),
(799, 'Udhampur', 15, 32.9300000000, 75.1300000000, NULL, 0),
(800, 'Umarga', 21, 17.8300000000, 76.6200000000, NULL, 0),
(801, 'Pratapgarh', 29, 25.9300000000, 81.9800000000, NULL, 0),
(802, 'Lingsugur', 17, 16.1500000000, 76.5100000000, NULL, 0),
(803, 'Usilampatti', 31, 9.9700000000, 77.8000000000, NULL, 0),
(804, 'Palia Kalan', 34, 28.4300000000, 80.5700000000, NULL, 0),
(805, 'Wokha', 25, 26.1000000000, 94.2700000000, NULL, 0),
(806, 'Rajpipla', 12, 21.7800000000, 73.5700000000, NULL, 0),
(807, 'Vijayapura', 17, 16.8300000000, 75.7100000000, NULL, 0),
(808, 'Rawatbhata', 29, 24.9300000000, 75.5800000000, NULL, 0),
(809, 'Sangaria', 29, 29.8000000000, 74.4500000000, NULL, 0),
(810, 'Paithan', 21, 19.3500000000, 75.2300000000, NULL, 0),
(811, 'Rahuri', 21, 19.3800000000, 74.6500000000, NULL, 0),
(812, 'Patti', 28, 31.2800000000, 74.8600000000, NULL, 0),
(813, 'Zaidpur', 34, 26.8300000000, 81.3300000000, NULL, 0),
(814, 'Lalsot', 29, 26.5700000000, 76.3300000000, NULL, 0),
(815, 'Maihar', 20, 24.2700000000, 80.7500000000, NULL, 0),
(816, 'Vedaranyam', 31, 10.3700000000, 79.8500000000, NULL, 0),
(817, 'Nawapur', 21, 21.1600000000, 73.7900000000, NULL, 0),
(818, 'Solan', 14, 30.9200000000, 77.1200000000, NULL, 0),
(819, 'Vapi', 12, 20.3700000000, 72.9000000000, NULL, 0),
(820, 'Sanawad', 20, 22.1700000000, 76.0600000000, NULL, 0),
(821, 'Warisaliganj', 5, 25.0100000000, 85.6300000000, NULL, 0),
(822, 'Revelganj', 5, 25.7600000000, 84.6700000000, NULL, 0),
(823, 'Sabalgarh', 20, 26.2400000000, 77.4000000000, NULL, 0),
(824, 'Tuljapur', 21, 18.0000000000, 76.0800000000, NULL, 0),
(825, 'Simdega', 16, 22.6200000000, 84.5200000000, NULL, 0),
(826, 'Musabani', 16, 22.5000000000, 86.4500000000, NULL, 0),
(827, 'Kodungallur', 18, 10.2200000000, 76.2000000000, NULL, 0),
(828, 'Phulabani', 26, 20.4700000000, 84.2300000000, NULL, 0),
(829, 'Umreth', 12, 22.7000000000, 73.1200000000, NULL, 0),
(830, 'Narsipatnam', 2, 17.6700000000, 82.6200000000, NULL, 0),
(831, 'Nautanwa', 34, 27.4300000000, 83.4200000000, NULL, 0),
(832, 'Rajgir', 5, 25.0100000000, 85.4100000000, NULL, 0),
(833, 'Yellandu', 32, 17.5900000000, 80.3200000000, NULL, 0);
INSERT INTO `cities` (`cityid`, `cityname`, `state_id`, `latitude`, `longitude`, `short_code`, `status`) VALUES
(834, 'Sathyamangalam', 31, 11.5100000000, 77.2400000000, NULL, 0),
(835, 'Pilibanga', 29, 29.4800000000, 74.0700000000, NULL, 0),
(836, 'Morshi', 21, 21.3200000000, 78.0100000000, NULL, 0),
(837, 'Pehowa', 13, 29.9800000000, 76.5800000000, NULL, 0),
(838, 'Sonepur', 5, 20.8400000000, 83.8900000000, NULL, 0),
(839, 'Pappinisseri', 18, 11.9400000000, 75.3500000000, NULL, 0),
(840, 'Zamania', 34, 25.4200000000, 83.5500000000, NULL, 0),
(841, 'Mihijam', 16, 23.8600000000, 86.8600000000, NULL, 0),
(842, 'Purna', 21, 19.1800000000, 77.0500000000, NULL, 0),
(843, 'Puliyankudi', 31, 9.1700000000, 77.3900000000, NULL, 0),
(844, 'Shikarpur', 34, 28.2700000000, 78.0100000000, NULL, 0),
(845, 'Umaria', 20, 23.6000000000, 81.0700000000, NULL, 0),
(846, 'Porsa', 20, 26.6700000000, 78.3600000000, NULL, 0),
(847, 'Naugawan Sadat', 34, 29.0000000000, 78.4000000000, NULL, 0),
(848, 'Fatehpur Sikri', 34, 27.0900000000, 77.6600000000, NULL, 0),
(849, 'Manuguru', 32, 17.9800000000, 80.7500000000, NULL, 0),
(850, 'Udaipur', 33, 27.7200000000, 75.4800000000, NULL, 0),
(851, 'Pipar City', 29, 26.3800000000, 73.5300000000, NULL, 0),
(852, 'Pattamundai', 26, 20.5800000000, 86.5600000000, NULL, 0),
(853, 'Nanjikottai', 31, 10.7300000000, 79.1300000000, NULL, 0),
(854, 'Taranagar', 29, 28.6700000000, 75.0400000000, NULL, 0),
(855, 'Yerraguntla', 2, 14.6300000000, 78.5300000000, NULL, 0),
(856, 'Satana', 21, 20.5900000000, 74.2000000000, NULL, 0),
(857, 'Sherghati', 5, 24.5500000000, 84.7900000000, NULL, 0),
(858, 'Sankeshwara', 17, 16.2500000000, 74.4800000000, NULL, 0),
(859, 'Madikeri', 17, 12.4200000000, 75.7300000000, NULL, 0),
(860, 'Thuraiyur', 31, 11.1400000000, 78.5900000000, NULL, 0),
(861, 'Sanand', 12, 22.9800000000, 72.3800000000, NULL, 0),
(862, 'Rajula', 12, 21.0500000000, 71.4300000000, NULL, 0),
(863, 'Kyathampalle', 32, 18.9200000000, 79.4900000000, NULL, 0),
(864, 'Shahabad', 34, 27.6400000000, 79.9400000000, NULL, 0),
(865, 'Tilda Newra', 7, 21.5500000000, 81.7800000000, NULL, 0),
(866, 'Narsinghgarh', 20, 23.7100000000, 77.0800000000, NULL, 0),
(867, 'Chittur-Thathamangalam', 18, 10.6700000000, 76.7100000000, NULL, 0),
(868, 'Malaj Khand', 20, 19.9800000000, 73.7600000000, NULL, 0),
(869, 'Sarangpur', 20, 23.5600000000, 76.4700000000, NULL, 0),
(870, 'Robertsganj', 34, 24.6800000000, 83.0600000000, NULL, 0),
(871, 'Sirkali', 31, 11.2300000000, 79.7300000000, NULL, 0),
(872, 'Radhanpur', 12, 23.8200000000, 71.6100000000, NULL, 0),
(873, 'Tiruchendur', 31, 8.4800000000, 78.1200000000, NULL, 0),
(874, 'Utraula', 34, 27.3100000000, 82.4100000000, NULL, 0),
(875, 'Patratu', 16, 23.6700000000, 85.2800000000, NULL, 0),
(876, 'Vijainagar', 29, 25.9200000000, 74.6500000000, NULL, 0),
(877, 'Periyasemur', 31, 11.3600000000, 77.6800000000, NULL, 0),
(878, 'Pathri', 21, 19.2500000000, 76.4500000000, NULL, 0),
(879, 'Sadabad', 34, 27.4500000000, 78.0500000000, NULL, 0),
(880, 'Talikota', 17, 16.4700000000, 76.3100000000, NULL, 0),
(881, 'Sinnar', 21, 19.8500000000, 74.0000000000, NULL, 0),
(882, 'Mungeli', 7, 22.0600000000, 81.6800000000, NULL, 0),
(883, 'Sedam', 17, 17.1700000000, 77.2800000000, NULL, 0),
(884, 'Shikaripur', 17, 14.2600000000, 75.3500000000, NULL, 0),
(885, 'Sumerpur', 29, 26.5100000000, 79.9400000000, NULL, 0),
(886, 'Sattur', 31, 9.3700000000, 77.9300000000, NULL, 0),
(887, 'Sugauli', 5, 26.7500000000, 84.7200000000, NULL, 0),
(888, 'Lumding', 4, 25.7500000000, 93.1700000000, NULL, 0),
(889, 'Vandavasi', 31, 12.5000000000, 79.6200000000, NULL, 0),
(890, 'Titlagarh', 26, 20.2800000000, 83.1400000000, NULL, 0),
(891, 'Uchgaon', 21, 16.6900000000, 74.2700000000, NULL, 0),
(892, 'Mokokchung', 25, 26.3300000000, 94.5300000000, NULL, 0),
(893, 'Paschim Punropara', 36, 24.6000000000, 88.0400000000, NULL, 0),
(894, 'Sagwara', 29, 23.6600000000, 74.0200000000, NULL, 0),
(895, 'Ramganj Mandi', 29, 24.6400000000, 75.9400000000, NULL, 0),
(896, 'Tarakeswar', 36, 22.8900000000, 88.0200000000, NULL, 0),
(897, 'Mahalingapura', 17, 13.0500000000, 80.2300000000, NULL, 0),
(898, 'Dharmanagar', 33, 24.3700000000, 92.1700000000, NULL, 0),
(899, 'Mahemdabad', 12, 22.8100000000, 72.7500000000, NULL, 0),
(900, 'Manendragarh', 7, 23.2100000000, 82.2000000000, NULL, 0),
(901, 'Uran', 21, 18.8800000000, 72.9400000000, NULL, 0),
(902, 'Tharamangalam', 31, 11.6900000000, 77.9700000000, NULL, 0),
(903, 'Tirukkoyilur', 31, 11.9600000000, 79.2000000000, NULL, 0),
(904, 'Pen', 21, 18.7500000000, 73.0800000000, NULL, 0),
(905, 'Makhdumpur', 5, 25.0600000000, 84.9700000000, NULL, 0),
(906, 'Maner', 5, 25.6400000000, 84.8800000000, NULL, 0),
(907, 'Oddanchatram', 31, 10.4800000000, 77.7400000000, NULL, 0),
(908, 'Palladam', 31, 10.9800000000, 77.3000000000, NULL, 0),
(909, 'Mundi', 20, 22.0700000000, 76.4700000000, NULL, 0),
(910, 'Nabarangapur', 26, 19.5000000000, 82.3000000000, NULL, 0),
(911, 'Mudalagi', 17, 16.3300000000, 74.9600000000, NULL, 0),
(912, 'Samalkha', 13, 28.5300000000, 77.0800000000, NULL, 0),
(913, 'Nepanagar', 20, 21.4600000000, 76.3900000000, NULL, 0),
(914, 'Karjat', 21, 18.9200000000, 73.3300000000, NULL, 0),
(915, 'Ranavav', 12, 21.6800000000, 69.7400000000, NULL, 0),
(916, 'Pedana', 2, 16.2700000000, 81.1700000000, NULL, 0),
(917, 'Pinjore', 13, 30.7900000000, 76.9100000000, NULL, 0),
(918, 'Lakheri', 29, 25.6700000000, 76.1700000000, NULL, 0),
(919, 'Pasan', 20, 23.1500000000, 81.9500000000, NULL, 0),
(920, 'Puttur', 2, 12.7700000000, 75.2200000000, NULL, 0),
(921, 'Vadakkuvalliyur', 31, 8.3800000000, 77.5900000000, NULL, 0),
(922, 'Tirukalukundram', 31, 12.6000000000, 80.0600000000, NULL, 0),
(923, 'Mahidpur', 20, 23.4800000000, 75.6500000000, NULL, 0),
(924, 'Mussoorie', 35, 30.4500000000, 78.0800000000, NULL, 0),
(925, 'Muvattupuzha', 18, 9.9800000000, 76.5700000000, NULL, 0),
(926, 'Rasra', 34, 25.8500000000, 83.8500000000, NULL, 0),
(927, 'Udaipurwati', 29, 27.7300000000, 75.4700000000, NULL, 0),
(928, 'Manwath', 21, 19.3000000000, 76.4900000000, NULL, 0),
(929, 'Adoor', 18, 9.1500000000, 76.7300000000, NULL, 0),
(930, 'Uthamapalayam', 31, 9.8000000000, 77.3200000000, NULL, 0),
(931, 'Partur', 21, 19.6000000000, 76.2200000000, NULL, 0),
(932, 'Nahan', 14, 30.5500000000, 77.3000000000, NULL, 0),
(933, 'Ladwa', 13, 29.9900000000, 77.0400000000, NULL, 0),
(934, 'Mankachar', 4, 25.5300000000, 89.8600000000, NULL, 0),
(935, 'Nongstoin', 23, 25.5200000000, 91.2700000000, NULL, 0),
(936, 'Losal', 29, 27.3900000000, 74.9200000000, NULL, 0),
(937, 'Sri Madhopur', 29, 27.4700000000, 75.5900000000, NULL, 0),
(938, 'Ramngarh', 29, 23.6500000000, 85.5600000000, NULL, 0),
(939, 'Mavelikkara', 18, 9.2300000000, 76.5300000000, NULL, 0),
(940, 'Rawatsar', 29, 29.2500000000, 74.4000000000, NULL, 0),
(941, 'Rajakhera', 29, 26.8900000000, 78.1700000000, NULL, 0),
(942, 'Lar', 34, 26.2000000000, 83.9700000000, NULL, 0),
(943, 'Lal Gopalganj Nindaura', 34, 25.6500000000, 81.6100000000, NULL, 0),
(944, 'Muddebihal', 17, 16.3300000000, 76.1200000000, NULL, 0),
(945, 'Sirsaganj', 34, 27.0500000000, 78.6800000000, NULL, 0),
(946, 'Shahpura', 29, 27.3800000000, 75.9600000000, NULL, 0),
(947, 'Surandai', 31, 8.9700000000, 77.4000000000, NULL, 0),
(948, 'Sangole', 21, 17.4300000000, 75.1900000000, NULL, 0),
(949, 'Pavagada', 17, 14.1000000000, 77.2800000000, NULL, 0),
(950, 'Tharad', 12, 24.4000000000, 71.6300000000, NULL, 0),
(951, 'Mansa', 12, 29.9800000000, 75.3800000000, NULL, 0),
(952, 'Umbergaon', 12, 20.1700000000, 72.7600000000, NULL, 0),
(953, 'Mavoor', 18, 11.2600000000, 75.9400000000, NULL, 0),
(954, 'Nalbari', 4, 26.4200000000, 91.4300000000, NULL, 0),
(955, 'Talaja', 12, 21.3500000000, 72.0500000000, NULL, 0),
(956, 'Malur', 17, 13.0100000000, 77.9400000000, NULL, 0),
(957, 'Mangrulpir', 21, 20.3100000000, 77.3400000000, NULL, 0),
(958, 'Soro', 26, 21.2800000000, 86.6900000000, NULL, 0),
(959, 'Shahpura', 29, 27.3800000000, 75.9600000000, NULL, 0),
(960, 'Vadnagar', 12, 23.7800000000, 72.6300000000, NULL, 0),
(961, 'Raisinghnagar', 29, 29.5400000000, 73.4500000000, NULL, 0),
(962, 'Sindhagi', 17, 16.9100000000, 76.2300000000, NULL, 0),
(963, 'Sanduru', 17, 15.0800000000, 76.5400000000, NULL, 0),
(964, 'Sohna', 13, 28.2500000000, 77.0700000000, NULL, 0),
(965, 'Manavadar', 12, 21.4900000000, 70.1300000000, NULL, 0),
(966, 'Pihani', 34, 27.6200000000, 80.2000000000, NULL, 0),
(967, 'Safidon', 13, 29.4200000000, 76.6700000000, NULL, 0),
(968, 'Risod', 21, 19.9700000000, 76.7800000000, NULL, 0),
(969, 'Rosera', 5, 25.7500000000, 86.0300000000, NULL, 0),
(970, 'Sankari', 31, 11.4700000000, 77.8700000000, NULL, 0),
(971, 'Malpura', 29, 26.3000000000, 75.3600000000, NULL, 0),
(972, 'Sonamukhi', 36, 23.3000000000, 87.4100000000, NULL, 0),
(974, 'Nokha', 5, 27.6000000000, 73.4200000000, NULL, 0),
(975, 'PandUrban Agglomeration', 36, 47.5200000000, 6.8500000000, NULL, 0),
(976, 'Mainaguri', 36, 26.5700000000, 88.8200000000, NULL, 0),
(977, 'Afzalpur', 17, 17.2000000000, 76.3500000000, NULL, 0),
(978, 'Shirur', 21, 18.8200000000, 74.3700000000, NULL, 0),
(979, 'Salaya', 12, 22.3000000000, 69.6000000000, NULL, 0),
(980, 'Shenkottai', 31, 8.9700000000, 77.2400000000, NULL, 0),
(981, 'Pratapgarh', 33, 25.9300000000, 81.9800000000, NULL, 0),
(982, 'Vadipatti', 31, 10.0800000000, 77.9600000000, NULL, 0),
(983, 'Nagarkurnool', 32, 16.4900000000, 78.3100000000, NULL, 0),
(984, 'Savner', 21, 21.3800000000, 78.9200000000, NULL, 0),
(985, 'Sasvad', 21, 18.3400000000, 74.0300000000, NULL, 0),
(986, 'Rudrapur', 34, 22.6300000000, 88.1800000000, NULL, 0),
(987, 'Soron', 34, 27.8800000000, 78.7400000000, NULL, 0),
(988, 'Sholingur', 31, 13.1100000000, 79.4300000000, NULL, 0),
(989, 'Pandharkaoda', 21, 20.0200000000, 78.5400000000, NULL, 0),
(990, 'Perumbavoor', 18, 10.1100000000, 76.4700000000, NULL, 0),
(991, 'Maddur', 17, 12.6000000000, 77.0700000000, NULL, 0),
(992, 'Nadbai', 29, 27.2300000000, 77.2000000000, NULL, 0),
(993, 'Talode', 21, 21.5600000000, 74.2100000000, NULL, 0),
(994, 'Shrigonda', 21, 18.6200000000, 74.6800000000, NULL, 0),
(995, 'Madhugiri', 17, 13.6600000000, 77.2000000000, NULL, 0),
(996, 'Tekkalakote', 17, 15.5300000000, 76.8700000000, NULL, 0),
(997, 'Seoni-Malwa', 20, 22.4500000000, 77.4600000000, NULL, 0),
(998, 'Shirdi', 21, 19.7700000000, 74.4800000000, NULL, 0),
(999, 'SUrban Agglomerationr', 34, -29.8500000000, 31.0200000000, NULL, 0),
(1000, 'Terdal', 17, 16.4900000000, 75.0500000000, NULL, 0),
(1001, 'Raver', 21, 21.2500000000, 76.0300000000, NULL, 0),
(1002, 'Tirupathur', 31, 12.5000000000, 78.5700000000, NULL, 0),
(1003, 'Taraori', 13, 29.7900000000, 76.9200000000, NULL, 0),
(1004, 'Mukhed', 21, 18.7000000000, 77.3600000000, NULL, 0),
(1005, 'Manachanallur', 31, 10.9100000000, 78.6900000000, NULL, 0),
(1006, 'Rehli', 20, 23.6300000000, 79.0600000000, NULL, 0),
(1007, 'Sanchore', 29, 24.7500000000, 71.7700000000, NULL, 0),
(1008, 'Rajura', 21, 19.7700000000, 79.3600000000, NULL, 0),
(1009, 'Piro', 5, 25.3200000000, 84.4000000000, NULL, 0),
(1010, 'Mudabidri', 17, 13.0600000000, 74.9900000000, NULL, 0),
(1011, 'Vadgaon Kasba', 21, 16.8300000000, 74.3100000000, NULL, 0),
(1012, 'Nagar', 29, 27.4300000000, 77.1000000000, NULL, 0),
(1013, 'Vijapur', 12, 23.5700000000, 72.7500000000, NULL, 0),
(1014, 'Viswanatham', 31, 9.4200000000, 77.7900000000, NULL, 0),
(1015, 'Polur', 31, 12.5000000000, 79.1300000000, NULL, 0),
(1016, 'Panagudi', 31, 8.3100000000, 77.5600000000, NULL, 0),
(1017, 'Manawar', 20, 22.2300000000, 75.0800000000, NULL, 0),
(1018, 'Tehri', 35, 30.3800000000, 78.4800000000, NULL, 0),
(1019, 'Samdhan', 34, 27.1300000000, 79.7000000000, NULL, 0),
(1020, 'Pardi', 12, 20.5200000000, 72.9500000000, NULL, 0),
(1021, 'Rahatgarh', 20, 23.7900000000, 78.3900000000, NULL, 0),
(1022, 'Panagar', 20, 23.2900000000, 79.9900000000, NULL, 0),
(1023, 'Uthiramerur', 31, 12.6100000000, 79.7500000000, NULL, 0),
(1024, 'Tirora', 21, 21.4000000000, 79.9300000000, NULL, 0),
(1025, 'Rangia', 4, 26.4700000000, 91.6300000000, NULL, 0),
(1026, 'Sahjanwa', 34, 26.7500000000, 83.2100000000, NULL, 0),
(1027, 'Wara Seoni', 20, 21.7600000000, 80.0500000000, NULL, 0),
(1028, 'Magadi', 17, 12.9700000000, 77.2300000000, NULL, 0),
(1029, 'Rajgarh (Alwar)', 29, 23.8500000000, 76.7300000000, NULL, 0),
(1030, 'Rafiganj', 5, 24.8100000000, 84.6300000000, NULL, 0),
(1031, 'Tarana', 20, -33.5200000000, 149.9000000000, NULL, 0),
(1032, 'Rampur Maniharan', 34, 29.8000000000, 77.4500000000, NULL, 0),
(1033, 'Sheoganj', 29, 25.1400000000, 73.0600000000, NULL, 0),
(1034, 'Raikot', 28, 30.6500000000, 75.6000000000, NULL, 0),
(1035, 'Pauri', 35, 30.1500000000, 78.7800000000, NULL, 0),
(1036, 'Sumerpur', 34, 26.5100000000, 79.9400000000, NULL, 0),
(1037, 'Navalgund', 17, 15.5600000000, 75.3500000000, NULL, 0),
(1038, 'Shahganj', 34, 24.7000000000, 82.9500000000, NULL, 0),
(1039, 'Marhaura', 5, 25.9700000000, 84.8700000000, NULL, 0),
(1040, 'Tulsipur', 34, 27.5200000000, 82.4100000000, NULL, 0),
(1041, 'Sadri', 29, 25.1300000000, 73.4500000000, NULL, 0),
(1042, 'Thiruthuraipoondi', 31, 10.5200000000, 79.6300000000, NULL, 0),
(1043, 'Shiggaon', 17, 14.9900000000, 75.2200000000, NULL, 0),
(1044, 'Pallapatti', 31, 10.7100000000, 77.8900000000, NULL, 0),
(1045, 'Mahendragarh', 13, 28.2800000000, 76.1500000000, NULL, 0),
(1046, 'Sausar', 20, 21.6500000000, 78.7900000000, NULL, 0),
(1047, 'Ponneri', 31, 13.3200000000, 80.2000000000, NULL, 0),
(1048, 'Mahad', 21, 18.0800000000, 73.4200000000, NULL, 0),
(1049, 'Lohardaga', 16, 23.4300000000, 84.6800000000, NULL, 0),
(1050, 'Tirwaganj', 34, 26.9500000000, 79.7800000000, NULL, 0),
(1051, 'Margherita', 4, 27.2900000000, 95.6600000000, NULL, 0),
(1052, 'Sundarnagar', 14, 31.5300000000, 76.8900000000, NULL, 0),
(1053, 'Rajgarh', 20, 24.7300000000, 79.9500000000, NULL, 0),
(1054, 'Mangaldoi', 4, 26.4400000000, 92.0300000000, NULL, 0),
(1055, 'Renigunta', 2, 13.6500000000, 79.5200000000, NULL, 0),
(1056, 'Longowal', 28, 30.2000000000, 75.6700000000, NULL, 0),
(1057, 'Ratia', 13, 29.6700000000, 75.5700000000, NULL, 0),
(1058, 'Lalgudi', 31, 10.8700000000, 78.8300000000, NULL, 0),
(1059, 'Shrirangapattana', 17, 12.4200000000, 76.6900000000, NULL, 0),
(1060, 'Niwari', 20, 25.3600000000, 78.7900000000, NULL, 0),
(1061, 'Natham', 31, 10.2200000000, 78.2300000000, NULL, 0),
(1062, 'Unnamalaikadai', 31, 8.3000000000, 77.2300000000, NULL, 0),
(1063, 'PurqUrban Agglomerationzi', 34, NULL, NULL, NULL, 0),
(1064, 'Shamsabad', 32, 17.2500000000, 78.4300000000, NULL, 0),
(1065, 'Mirganj', 5, 28.5500000000, 79.2000000000, NULL, 0),
(1066, 'Todaraisingh', 29, 26.0200000000, 75.4800000000, NULL, 0),
(1067, 'Warhapur', 34, 29.5200000000, 78.5600000000, NULL, 0),
(1068, 'Rajam', 2, 18.4500000000, 83.6400000000, NULL, 0),
(1069, 'Urmar Tanda', 28, 31.6700000000, 75.6300000000, NULL, 0),
(1070, 'Lonar', 21, 19.9700000000, 76.5000000000, NULL, 0),
(1071, 'Powayan', 34, 28.0600000000, 80.0900000000, NULL, 0),
(1072, 'P.N.Patti', 31, 11.7900000000, 77.8200000000, NULL, 0),
(1073, 'Palampur', 14, 32.1200000000, 76.5300000000, NULL, 0),
(1074, 'Srisailam Project (Right Flank Colony) Township', 2, 16.0800000000, 78.8900000000, NULL, 0),
(1075, 'Sindagi', 17, 16.9100000000, 76.2300000000, NULL, 0),
(1076, 'Sandi', 34, 21.4500000000, 82.0600000000, NULL, 0),
(1077, 'Vaikom', 18, 9.7700000000, 76.4000000000, NULL, 0),
(1078, 'Malda', 36, 25.0300000000, 88.1500000000, NULL, 0),
(1079, 'Tharangambadi', 31, 11.0200000000, 79.8500000000, NULL, 0),
(1080, 'Sakaleshapura', 17, 12.9400000000, 75.7800000000, NULL, 0),
(1081, 'Lalganj', 5, 25.8700000000, 85.1800000000, NULL, 0),
(1082, 'Malkangiri', 26, 18.1600000000, 81.9500000000, NULL, 0),
(1083, 'Rapar', 12, 23.5700000000, 70.6400000000, NULL, 0),
(1084, 'Mauganj', 20, 24.6600000000, 81.8800000000, NULL, 0),
(1085, 'Todabhim', 29, 26.9100000000, 76.8100000000, NULL, 0),
(1086, 'Srinivaspur', 17, 13.3300000000, 78.2200000000, NULL, 0),
(1087, 'Murliganj', 5, 25.9000000000, 86.9900000000, NULL, 0),
(1088, 'Reengus', 29, 27.3600000000, 75.5600000000, NULL, 0),
(1089, 'Sawantwadi', 21, 15.9000000000, 73.8200000000, NULL, 0),
(1090, 'Tittakudi', 31, 11.4000000000, 79.1100000000, NULL, 0),
(1091, 'Lilong', 22, 24.7100000000, 93.9300000000, NULL, 0),
(1092, 'Rajaldesar', 29, 28.0300000000, 74.4700000000, NULL, 0),
(1093, 'Pathardi', 21, 19.1700000000, 75.1700000000, NULL, 0),
(1094, 'Achhnera', 34, 27.1700000000, 77.7500000000, NULL, 0),
(1095, 'Pacode', 31, 8.3300000000, 77.2200000000, NULL, 0),
(1096, 'Naraura', 34, 28.1900000000, 78.3800000000, NULL, 0),
(1097, 'Nakur', 34, 29.9100000000, 77.3000000000, NULL, 0),
(1098, 'Palai', 18, 25.8800000000, 75.9500000000, NULL, 0),
(1099, 'Morinda', 28, 30.7800000000, 76.4900000000, NULL, 0),
(1100, 'Manasa', 20, 24.4700000000, 75.1400000000, NULL, 0),
(1101, 'Nainpur', 20, 22.4200000000, 80.1000000000, NULL, 0),
(1102, 'Sahaspur', 34, 30.3900000000, 77.8000000000, NULL, 0),
(1103, 'Pauni', 21, 20.7900000000, 79.6300000000, NULL, 0),
(1104, 'Prithvipur', 20, 25.2000000000, 78.7500000000, NULL, 0),
(1105, 'Ramtek', 21, 21.3900000000, 79.3200000000, NULL, 0),
(1106, 'Silapathar', 4, 27.5900000000, 94.7200000000, NULL, 0),
(1107, 'Songadh', 12, 21.1600000000, 73.5600000000, NULL, 0),
(1108, 'Safipur', 34, 26.7300000000, 80.3400000000, NULL, 0),
(1109, 'Sohagpur', 20, 22.7000000000, 78.1900000000, NULL, 0),
(1110, 'Mul', 21, 20.0600000000, 79.6700000000, NULL, 0),
(1111, 'Sadulshahar', 29, 29.9000000000, 74.1700000000, NULL, 0),
(1112, 'Phillaur', 28, 31.0300000000, 75.7800000000, NULL, 0),
(1113, 'Sambhar', 29, 26.9200000000, 75.2000000000, NULL, 0),
(1114, 'Prantij', 29, 23.4300000000, 72.8500000000, NULL, 0),
(1115, 'Nagla', 35, 30.6300000000, 76.8500000000, NULL, 0),
(1116, 'Pattran', 28, 29.9500000000, 76.0500000000, NULL, 0),
(1117, 'Mount Abu', 29, 24.5900000000, 72.7100000000, NULL, 0),
(1118, 'Reoti', 34, 25.8400000000, 84.3700000000, NULL, 0),
(1119, 'Tenu dam-cum-Kathhara', 16, 23.7600000000, 85.8600000000, NULL, 0),
(1120, 'Panchla', 36, 22.5400000000, 88.1300000000, NULL, 0),
(1121, 'Sitarganj', 35, 28.9300000000, 79.7000000000, NULL, 0),
(1122, 'Pasighat', 3, 28.0600000000, 95.3200000000, NULL, 0),
(1123, 'Motipur', 5, 26.2500000000, 85.1600000000, NULL, 0),
(1124, 'O\' Valley', 31, 11.4400000000, 76.4600000000, NULL, 0),
(1125, 'Raghunathpur', 36, 23.5300000000, 86.6600000000, NULL, 0),
(1126, 'Suriyampalayam', 31, 11.3900000000, 77.6800000000, NULL, 0),
(1127, 'Qadian', 28, 31.8200000000, 75.3900000000, NULL, 0),
(1128, 'Rairangpur', 26, 22.2700000000, 86.1700000000, NULL, 0),
(1129, 'Silvassa', 12, 20.2700000000, 73.0200000000, NULL, 0),
(1130, 'Nowrozabad (Khodargama)', 20, 23.3500000000, 80.9800000000, NULL, 0),
(1131, 'Mangrol', 29, 21.1200000000, 70.1200000000, NULL, 0),
(1132, 'Soyagaon', 21, 20.5900000000, 75.6100000000, NULL, 0),
(1133, 'Sujanpur', 28, 31.8300000000, 76.5000000000, NULL, 0),
(1134, 'Manihari', 5, 25.3400000000, 87.6200000000, NULL, 0),
(1135, 'Sikanderpur', 34, 26.0300000000, 84.0300000000, NULL, 0),
(1136, 'Mangalvedhe', 21, 17.5100000000, 75.4500000000, NULL, 0),
(1137, 'Phulera', 29, 26.8700000000, 75.2400000000, NULL, 0),
(1138, 'Ron', 17, 15.6700000000, 75.7300000000, NULL, 0),
(1139, 'Sholavandan', 31, 10.0200000000, 77.9700000000, NULL, 0),
(1140, 'Saidpur', 34, 28.6200000000, 77.9200000000, NULL, 0),
(1141, 'Shamgarh', 20, 24.1800000000, 75.6300000000, NULL, 0),
(1142, 'Thammampatti', 31, 11.4400000000, 78.4800000000, NULL, 0),
(1143, 'Maharajpur', 20, 26.3200000000, 80.4600000000, NULL, 0),
(1144, 'Multai', 20, 21.7700000000, 78.2500000000, NULL, 0),
(1145, 'Mukerian', 28, 31.9500000000, 75.6200000000, NULL, 0),
(1146, 'Sirsi', 34, 14.6200000000, 74.8500000000, NULL, 0),
(1147, 'Purwa', 34, 26.4500000000, 80.7700000000, NULL, 0),
(1148, 'Sheohar', 5, 26.5100000000, 85.2900000000, NULL, 0),
(1149, 'Namagiripettai', 31, 11.4500000000, 78.2600000000, NULL, 0),
(1150, 'Parasi', 34, 27.5200000000, 83.6700000000, NULL, 0),
(1151, 'Lathi', 12, 21.7200000000, 71.3900000000, NULL, 0),
(1152, 'Lalganj', 34, 25.8700000000, 85.1800000000, NULL, 0),
(1153, 'Narkhed', 21, 21.4600000000, 78.5200000000, NULL, 0),
(1154, 'Mathabhanga', 36, 26.3400000000, 89.2100000000, NULL, 0),
(1155, 'Shendurjana', 21, 21.5200000000, 78.2800000000, NULL, 0),
(1156, 'Peravurani', 31, 10.2800000000, 79.2000000000, NULL, 0),
(1157, 'Mariani', 4, 26.6700000000, 94.3300000000, NULL, 0),
(1158, 'Phulpur', 34, 25.5500000000, 82.0800000000, NULL, 0),
(1159, 'Rania', 13, 29.5300000000, 74.8300000000, NULL, 0),
(1160, 'Pali', 20, 25.7700000000, 73.3300000000, NULL, 0),
(1161, 'Pachore', 20, 23.7100000000, 76.7300000000, NULL, 0),
(1162, 'Parangipettai', 31, 11.5000000000, 79.7500000000, NULL, 0),
(1163, 'Pudupattinam', 31, 12.5000000000, 80.1400000000, NULL, 0),
(1164, 'Panniyannur', 18, 11.7200000000, 75.5500000000, NULL, 0),
(1165, 'Maharajganj', 5, 27.1300000000, 83.5700000000, NULL, 0),
(1166, 'Rau', 20, 22.6400000000, 75.8000000000, NULL, 0),
(1167, 'Monoharpur', 36, 22.6800000000, 88.2800000000, NULL, 0),
(1168, 'Mandawa', 29, 28.0500000000, 75.1500000000, NULL, 0),
(1169, 'Marigaon', 4, 26.2600000000, 92.2600000000, NULL, 0),
(1170, 'Pallikonda', 31, 12.9000000000, 78.9400000000, NULL, 0),
(1171, 'Pindwara', 29, 24.7900000000, 73.0500000000, NULL, 0),
(1172, 'Shishgarh', 34, 28.7200000000, 79.3100000000, NULL, 0),
(1173, 'Patur', 21, 20.4500000000, 76.9300000000, NULL, 0),
(1174, 'Mayang Imphal', 22, 24.5900000000, 93.8700000000, NULL, 0),
(1175, 'Mhowgaon', 20, 22.5700000000, 75.7300000000, NULL, 0),
(1176, 'Guruvayoor', 18, 10.5900000000, 76.0300000000, NULL, 0),
(1177, 'Mhaswad', 21, 17.6300000000, 74.7800000000, NULL, 0),
(1178, 'Sahawar', 34, 27.7900000000, 78.8300000000, NULL, 0),
(1179, 'Sivagiri', 31, 11.1200000000, 77.8000000000, NULL, 0),
(1180, 'Mundargi', 17, 15.2200000000, 75.9000000000, NULL, 0),
(1181, 'Punjaipugalur', 31, 11.0600000000, 77.9900000000, NULL, 0),
(1182, 'Kailasahar', 33, 24.3200000000, 92.0100000000, NULL, 0),
(1183, 'Samthar', 34, 25.8400000000, 78.9000000000, NULL, 0),
(1184, 'Sakthi', 7, 22.0300000000, 82.9700000000, NULL, 0),
(1185, 'Sadalagi', 17, 16.5500000000, 74.5300000000, NULL, 0),
(1186, 'Silao', 5, 25.0800000000, 85.4200000000, NULL, 0),
(1187, 'Mandalgarh', 29, 25.1900000000, 75.0900000000, NULL, 0),
(1188, 'Loha', 21, 18.9400000000, 77.1100000000, NULL, 0),
(1189, 'Pukhrayan', 34, 26.2200000000, 79.8300000000, NULL, 0),
(1190, 'Padmanabhapuram', 31, 8.2400000000, 77.3300000000, NULL, 0),
(1191, 'Belonia', 33, 23.2500000000, 91.4500000000, NULL, 0),
(1192, 'Saiha', 24, 22.4800000000, 92.9700000000, NULL, 0),
(1193, 'Srirampore', 36, 22.7400000000, 88.3300000000, NULL, 0),
(1194, 'Talwara', 28, 31.9500000000, 75.8700000000, NULL, 0),
(1195, 'Puthuppally', 18, 9.5600000000, 76.5600000000, NULL, 0),
(1196, 'Khowai', 33, 24.0600000000, 91.6000000000, NULL, 0),
(1197, 'Vijaypur', 20, 16.8300000000, 75.7100000000, NULL, 0),
(1198, 'Takhatgarh', 29, 25.3200000000, 73.0000000000, NULL, 0),
(1199, 'Thirupuvanam', 31, 10.9800000000, 79.4300000000, NULL, 0),
(1200, 'Adra', 36, 23.4900000000, 86.6700000000, NULL, 0),
(1201, 'Piriyapatna', 17, 12.3300000000, 76.0900000000, NULL, 0),
(1202, 'Obra', 34, 24.4200000000, 82.9800000000, NULL, 0),
(1203, 'Adalaj', 12, 23.1700000000, 72.5800000000, NULL, 0),
(1204, 'Nandgaon', 21, 20.3000000000, 74.6600000000, NULL, 0),
(1205, 'Barh', 5, 25.4800000000, 85.7200000000, NULL, 0),
(1206, 'Chhapra', 12, 25.7700000000, 84.7400000000, NULL, 0),
(1207, 'Panamattom', 18, 9.6000000000, 76.7400000000, NULL, 0),
(1208, 'Niwai', 34, 26.3600000000, 75.9200000000, NULL, 0),
(1209, 'Bageshwar', 35, 29.8500000000, 79.7700000000, NULL, 0),
(1210, 'Tarbha', 26, 20.7300000000, 83.6700000000, NULL, 0),
(1211, 'Adyar', 17, 13.0000000000, 80.2600000000, NULL, 0),
(1212, 'Narsinghgarh', 20, 23.7100000000, 77.0800000000, NULL, 0),
(1213, 'Warud', 21, 21.4700000000, 78.2600000000, NULL, 0),
(1214, 'Asarganj', 5, 25.1400000000, 86.6800000000, NULL, 0),
(1215, 'Sarsod', 13, 29.3200000000, 75.8300000000, NULL, 0),
(1216, 'NALLASOPARA', 21, 19.4100000000, 72.7900000000, NULL, 0),
(1217, 'Bidar', 17, 17.9000000000, 77.5500000000, NULL, 0),
(1218, 'Gulbarga', 17, 17.3300000000, 76.8300000000, 'GR', 1),
(1219, 'Gundlupet', 17, 11.8000000000, 76.6800000000, NULL, 0),
(1220, 'Hassan', 17, 13.0000000000, 76.1000000000, NULL, 0),
(1221, 'Miryalguda', 32, 16.8700000000, 79.5800000000, NULL, 0),
(1222, 'Rajapalyam', 2, 9.4600000000, 77.5200000000, NULL, 0),
(1223, 'Bagalkot', 17, 16.1800000000, 75.7000000000, NULL, 0),
(1224, 'Anekal', 17, 12.7000000000, 77.7000000000, NULL, 0),
(1225, 'Bantwal', 17, 12.8800000000, 75.0200000000, NULL, 0),
(1226, 'Belgaum', 17, 15.8700000000, 74.5000000000, 'BLG', 1),
(1227, 'Chitradurga', 17, 14.2300000000, 76.4000000000, NULL, 0),
(1228, 'Kengeri', 17, 12.9000000000, 77.4800000000, NULL, 0),
(1229, 'Kundapur', 17, 13.6300000000, 74.7000000000, NULL, 0),
(1230, 'Shimoga', 17, 13.9200000000, 75.5700000000, 'SIGA', 1),
(1231, 'Sullia', 17, 12.5500000000, 75.3900000000, NULL, 0),
(1232, 'Thirthahalli', 17, 13.6800000000, 75.2400000000, NULL, 0),
(1233, 'Ujire', 17, 12.9900000000, 75.3200000000, NULL, 0),
(1234, 'Allepey', 18, 9.4900000000, 76.3300000000, NULL, 0),
(1235, 'Alwaye', 18, 10.1100000000, 76.3600000000, NULL, 0),
(1236, 'Calicut', 18, 11.2500000000, 75.7700000000, NULL, 0),
(1237, 'AMBALA', 13, 30.3800000000, 76.7800000000, NULL, 0),
(1238, 'ATHUR', 31, 12.7300000000, 79.9400000000, NULL, 0),
(1239, 'BODINAYAKANUR', 31, 10.0200000000, 77.3500000000, NULL, 0),
(1240, 'Chandrapur', 21, 19.9500000000, 79.3000000000, NULL, 0),
(1241, 'Chengalpattu', 31, 12.7000000000, 79.9800000000, NULL, 0),
(1242, 'ERNAKULAM', 18, 9.9800000000, 76.2800000000, NULL, 0),
(1243, 'Hospet', 17, 15.2695400000, 76.3871000000, 'HPT', 1),
(1244, 'Dharwad', 17, 15.4589049000, 75.0067057000, 'DHW', 1);

-- --------------------------------------------------------

--
-- Table structure for table `ci_sessions`
--

CREATE TABLE `ci_sessions` (
  `id` varchar(128) NOT NULL,
  `ip_address` varchar(45) NOT NULL,
  `timestamp` int(10) UNSIGNED NOT NULL DEFAULT 0,
  `data` blob NOT NULL
) ENGINE=MyISAM DEFAULT CHARSET=utf8;

--
-- Dumping data for table `ci_sessions`
--

INSERT INTO `ci_sessions` (`id`, `ip_address`, `timestamp`, `data`) VALUES
('p4ag0ij5qcpd6oeme0svtltfa4iio8h7', '::1', 1617796665, 0x5f5f63695f6c6173745f726567656e65726174657c693a313631373739363636353b6964656e746974797c733a32323a22737570657261646d696e40646f63746f7273732e696e223b656d61696c7c733a32323a22737570657261646d696e40646f63746f7273732e696e223b757365725f69647c733a313a2231223b6f6c645f6c6173745f6c6f67696e7c733a31303a2231363137343330343632223b6c6173745f636865636b7c693a313631373739363636353b),
('71kdngp292t17bgn664gtp47punv94cf', '::1', 1617797757, 0x5f5f63695f6c6173745f726567656e65726174657c693a313631373739363636353b6964656e746974797c733a32323a22737570657261646d696e40646f63746f7273732e696e223b656d61696c7c733a32323a22737570657261646d696e40646f63746f7273732e696e223b757365725f69647c733a313a2231223b6f6c645f6c6173745f6c6f67696e7c733a31303a2231363137343330343632223b6c6173745f636865636b7c693a313631373739363636353b757365726e616d657c733a31333a2261646d696e6973747261746f72223b6973737570657261646d696e7c623a313b757365725f726f6c65737c733a31313a2253757065722041646d696e223b757365725f6163636f756e745f726f6c65737c4e3b656e63727970745f69647c4e3b70726f66696c655f7069635f706174687c733a34303a226173736574732f75706c6f6164732f656d706c6f796565732f313735315f6661636532382e6a7067223b6e616d657c733a31313a2253757065722041646d696e223b),
('puvimtgeflv57ps4n11qgr27na4e9092', '::1', 1617793826, 0x5f5f63695f6c6173745f726567656e65726174657c693a313631373739323437363b6964656e746974797c733a31363a2276656e6b617440646f63746f722e696e223b656d61696c7c733a31363a2276656e6b617440646f63746f722e696e223b757365725f69647c733a323a223134223b6f6c645f6c6173745f6c6f67696e7c733a31303a2231363137373837393437223b6c6173745f636865636b7c693a313631373738383835373b757365726e616d657c733a383a224444343430383637223b6973737570657261646d696e7c623a303b757365725f726f6c65737c733a363a22446f63746f72223b757365725f6163636f756e745f726f6c65737c4e3b656e63727970745f69647c733a323a227832223b70726f66696c655f7069635f706174687c733a33393a226173736574732f75706c6f6164732f656d706c6f796565732f32363439325f666163652e706e67223b6e616d657c733a31323a2256656e6b6174205265646479223b617574685f6163636f756e745f69647c733a313a2232223b64626e616d65317c733a32303a22646f63746f7273735f6b696d73685f3432393734223b);

-- --------------------------------------------------------

--
-- Table structure for table `custom_data`
--

CREATE TABLE `custom_data` (
  `id` int(11) NOT NULL,
  `content_type` varchar(100) DEFAULT NULL,
  `content` text DEFAULT NULL,
  `type` varchar(100) DEFAULT NULL,
  `created_ip` varchar(20) DEFAULT NULL,
  `created_by` int(11) NOT NULL,
  `created_on` timestamp NOT NULL DEFAULT current_timestamp() ON UPDATE current_timestamp(),
  `modified_ip` varchar(20) DEFAULT NULL,
  `modified_by` int(11) DEFAULT NULL,
  `modified_on` datetime DEFAULT NULL
) ENGINE=InnoDB DEFAULT CHARSET=latin1;

--
-- Dumping data for table `custom_data`
--

INSERT INTO `custom_data` (`id`, `content_type`, `content`, `type`, `created_ip`, `created_by`, `created_on`, `modified_ip`, `modified_by`, `modified_on`) VALUES
(1, 'NewRegistration', '\r\n<h1> Dear, {Name} </h1>\r\n<p>Thank you for the registation in Doctorss App</p>\r\n<p>User Id: {User_Id}</p>\r\n<p>Email: {Email_Id}</p>\r\n<p>Password: {Password}</p>\r\n<p>Click on the link below URL of doctorss app login.</p>\r\n<p><a href=\"{URL}\">Clike Here</a></p><br>\r\n<p>Our support team will help you further assistance. Thank you sir, Doctors Support Team</p>', 'email_template', NULL, 0, '2021-03-25 08:53:08', NULL, NULL, NULL),
(2, 'PatientAppointmentBooking', '<h1> Dear, {Name} </h1>\r\n<p>Thank you for booking an Appointment with {Doctor_name} on {Date} at {Time} </p>\r\n<p>Our support team will help you further assistance. Thank you sir, Doctors App Support Team</p>', 'email_template', NULL, 0, '2021-03-25 08:53:08', NULL, NULL, NULL),
(3, 'DoctorAppointmentBooking', '<h1> Dear, {Name} </h1>\r\n<p>Appointment For you with {Patient_name} on {Date} at {Time} </p>\r\n<p>Our support team will help you further assistance. Thank you sir, Doctorsapp Support Team</p>', 'email_template', NULL, 0, '2021-03-25 08:53:08', NULL, NULL, NULL),
(4, 'PatientAppointmentConfimred', '<h1> Dear, {Name} </h1>\r\n<p>Your Appointment  Confimred with {Doctor_name} on {Date} at {Time} </p>\r\n<p>Our support team will help you further assistance. Thank you sir, Doctors App Support Team</p>', 'email_template', NULL, 0, '2021-03-29 09:18:19', NULL, NULL, NULL),
(5, 'DoctorAppointmentConfirmed', '<h1> Dear, {Name} </h1>\r\n<p>Appointment Confirmed   you with {Patient_name} on {Date} at {Time} </p>\r\n<p>Our support team will help you further assistance. Thank you sir, Doctorsapp Support Team</p>', 'email_template', NULL, 0, '2021-03-25 08:53:08', NULL, NULL, NULL),
(6, 'PatientAppointmentCancelled', '<h1> Dear, {Name} </h1>\r\n<p>Your Appointment  Cancelled with {Doctor_name} on {Date} at {Time} </p>\r\n<p>Our support team will help you further assistance. Thank you sir, Doctors App Support Team</p>', 'email_template', NULL, 0, '2021-03-25 08:53:08', NULL, NULL, NULL),
(7, 'DoctorAppointmentCancelled', '<h1> Dear, {Name} </h1>\r\n<p>Appointment Cancelled you with {Patient_name} on {Date} at {Time} </p>\r\n<p>Our support team will help you further assistance. Thank you sir, Doctorsapp Support Team</p>', 'email_template', NULL, 0, '2021-03-25 08:53:08', NULL, NULL, NULL),
(8, 'PasswordReset', '<h1> Hi,{Name} </h1>\r\n<p> One last step is required </p>\r\n<p>Please click on the following link to forgot password your account</p>\r\n<p><a href=\"{URL}\">Click Here</a></p><br>\r\n\r\n<p>Thank You</p>', 'email_template', NULL, 0, '2021-03-25 08:53:08', NULL, NULL, NULL),
(9, 'BillingReceipt', '<h1> Hi,{Name} </h1>\r\n<p>This is billing invoice </p>\r\n<p>Please click on the following attached file</p>\r\n<p>Thank You</p>', 'email_template', NULL, 0, '2021-03-30 07:09:30', NULL, NULL, NULL);

-- --------------------------------------------------------

--
-- Table structure for table `groups`
--

CREATE TABLE `groups` (
  `id` mediumint(8) UNSIGNED NOT NULL,
  `name` varchar(20) NOT NULL,
  `description` varchar(100) NOT NULL,
  `designation` varchar(100) NOT NULL
) ENGINE=InnoDB DEFAULT CHARSET=utf8;

--
-- Dumping data for table `groups`
--

INSERT INTO `groups` (`id`, `name`, `description`, `designation`) VALUES
(1, 'Super Admin', 'Super Administrator', 'Super Administrator'),
(2, 'Admin', 'Administrator', 'Administrator'),
(3, 'MD', 'Managing Director', 'Managing Director'),
(4, 'Doctor', 'Doctor', 'Doctor'),
(5, 'Receptionist', 'Receptionist', 'Receptionist'),
(6, 'Patient', 'Patient', 'Patient'),
(7, 'Laboratory', 'Laboratory', 'Laboratory'),
(8, 'Billing', 'Billing', 'Billing');

-- --------------------------------------------------------

--
-- Table structure for table `login_attempts`
--

CREATE TABLE `login_attempts` (
  `id` int(11) UNSIGNED NOT NULL,
  `ip_address` varchar(45) NOT NULL,
  `login` varchar(100) NOT NULL,
  `time` int(11) UNSIGNED DEFAULT NULL
) ENGINE=InnoDB DEFAULT CHARSET=utf8;

--
-- Dumping data for table `login_attempts`
--

INSERT INTO `login_attempts` (`id`, `ip_address`, `login`, `time`) VALUES
(5, '::1', 'kamala@admin.com', 1617776105);

-- --------------------------------------------------------

--
-- Table structure for table `packages`
--

CREATE TABLE `packages` (
  `id` int(11) NOT NULL,
  `package_name` varchar(100) NOT NULL,
  `package_duration` varchar(150) DEFAULT NULL,
  `package_status` int(11) NOT NULL,
  `package_amount` decimal(10,2) NOT NULL,
  `created_ip` varchar(100) DEFAULT NULL,
  `created_by` int(11) DEFAULT NULL,
  `created_on` datetime DEFAULT NULL,
  `modified_ip` varchar(100) DEFAULT NULL,
  `modified_by` int(11) DEFAULT NULL,
  `modified_on` datetime DEFAULT NULL
) ENGINE=InnoDB DEFAULT CHARSET=latin1;

--
-- Dumping data for table `packages`
--

INSERT INTO `packages` (`id`, `package_name`, `package_duration`, `package_status`, `package_amount`, `created_ip`, `created_by`, `created_on`, `modified_ip`, `modified_by`, `modified_on`) VALUES
(1, 'Ugadhi Pack', '3 Months', 1, '15000.00', '::1', 1, '2021-04-01 06:41:02', NULL, NULL, NULL),
(2, 'Summer Pack', '6 Months', 1, '25000.00', '::1', 1, '2021-04-01 11:28:45', NULL, NULL, NULL);

-- --------------------------------------------------------

--
-- Table structure for table `patient_details`
--

CREATE TABLE `patient_details` (
  `id` int(11) NOT NULL,
  `user_id` int(11) UNSIGNED NOT NULL,
  `height` varchar(11) DEFAULT NULL,
  `weight` varchar(11) DEFAULT NULL,
  `blood_group` varchar(111) DEFAULT NULL,
  `blood_prusser` varchar(111) DEFAULT NULL,
  `pulse` varchar(111) DEFAULT NULL,
  `allergy` varchar(111) DEFAULT NULL,
  `diet` varchar(111) DEFAULT NULL,
  `created_ip` varchar(20) DEFAULT NULL,
  `created_by` int(11) DEFAULT NULL,
  `created_on` datetime DEFAULT NULL,
  `modified_ip` varchar(20) DEFAULT NULL,
  `modified_by` int(11) DEFAULT NULL,
  `modified_on` datetime DEFAULT NULL
) ENGINE=InnoDB DEFAULT CHARSET=latin1;

--
-- Dumping data for table `patient_details`
--

INSERT INTO `patient_details` (`id`, `user_id`, `height`, `weight`, `blood_group`, `blood_prusser`, `pulse`, `allergy`, `diet`, `created_ip`, `created_by`, `created_on`, `modified_ip`, `modified_by`, `modified_on`) VALUES
(1, 6, '156', '56', 'A-', '120', '96', 'no', 'no', '::1', 2, '2021-04-01 13:14:07', NULL, NULL, NULL),
(2, 7, '156', '65', 'B-', '120', '96', '', '', '::1', 2, '2021-04-01 13:16:38', NULL, NULL, NULL),
(3, 16, '165', '56', 'B+', '120', '90', 'no', 'on', '::1', 15, '2021-04-07 11:43:34', NULL, NULL, NULL);

-- --------------------------------------------------------

--
-- Table structure for table `patient_documents`
--

CREATE TABLE `patient_documents` (
  `id` int(11) NOT NULL,
  `patient_id` int(100) DEFAULT NULL,
  `document_path` varchar(500) DEFAULT NULL,
  `document_type` varchar(100) DEFAULT NULL,
  `created_ip` varchar(20) DEFAULT NULL,
  `created_by` int(11) DEFAULT NULL,
  `created_on` datetime DEFAULT NULL,
  `modified_ip` varchar(20) DEFAULT NULL,
  `modified_by` int(11) DEFAULT NULL,
  `modified_on` datetime DEFAULT NULL
) ENGINE=InnoDB DEFAULT CHARSET=utf8mb4 ROW_FORMAT=COMPACT;

-- --------------------------------------------------------

--
-- Table structure for table `payment_mode`
--

CREATE TABLE `payment_mode` (
  `id` int(11) NOT NULL,
  `paymentmode_name` varchar(111) NOT NULL,
  `created_ip` varchar(111) DEFAULT NULL,
  `created_by` int(11) DEFAULT NULL,
  `created_on` datetime DEFAULT NULL,
  `modified_ip` varchar(111) DEFAULT NULL,
  `modified_by` int(11) DEFAULT NULL,
  `modified_on` datetime DEFAULT NULL
) ENGINE=InnoDB DEFAULT CHARSET=latin1;

--
-- Dumping data for table `payment_mode`
--

INSERT INTO `payment_mode` (`id`, `paymentmode_name`, `created_ip`, `created_by`, `created_on`, `modified_ip`, `modified_by`, `modified_on`) VALUES
(1, 'Cash', '::1', 2, '2020-09-16 11:10:09', NULL, NULL, NULL),
(2, 'Cheque', '::1', 2, '2020-09-16 11:10:24', NULL, NULL, NULL),
(3, 'UPI', '::1', 2, '2020-09-16 11:10:41', NULL, NULL, NULL),
(4, 'RazorPay', '::1', 2, '2020-09-16 11:10:56', '223.182.34.142', 1, '2020-09-28 11:08:50'),
(5, 'NEFT', NULL, NULL, NULL, NULL, NULL, NULL);

-- --------------------------------------------------------

--
-- Table structure for table `payment_transactions`
--

CREATE TABLE `payment_transactions` (
  `id` int(11) NOT NULL,
  `subscription_id` int(11) DEFAULT NULL,
  `order_id` varchar(30) DEFAULT NULL,
  `razorpay_order_id` varchar(100) DEFAULT NULL,
  `razorpay_payment_id` varchar(100) DEFAULT NULL,
  `razorpay_signature` varchar(100) DEFAULT NULL,
  `transaction_amount` decimal(10,2) DEFAULT NULL,
  `transaction_status` varchar(50) DEFAULT NULL,
  `payment_mode_id` int(11) DEFAULT NULL,
  `upi` varchar(20) DEFAULT NULL,
  `phonepay` varchar(20) DEFAULT NULL,
  `amazonpay` varchar(20) DEFAULT NULL,
  `googlepay` varchar(20) DEFAULT NULL,
  `paytm` varchar(20) DEFAULT NULL,
  `cheque_number` varchar(15) DEFAULT NULL,
  `cheque_issue_date` date DEFAULT NULL,
  `cheque_bankname` varchar(50) DEFAULT NULL,
  `cheque_photo` varchar(512) DEFAULT NULL,
  `cash_amount` decimal(10,2) DEFAULT NULL,
  `cash_personname` varchar(100) DEFAULT NULL,
  `neft_number` varchar(120) DEFAULT NULL,
  `created_ip` varchar(20) DEFAULT NULL,
  `created_by` int(11) DEFAULT NULL,
  `created_on` datetime DEFAULT NULL,
  `modified_ip` varchar(20) DEFAULT NULL,
  `modified_by` int(11) DEFAULT NULL,
  `modified_on` datetime DEFAULT NULL
) ENGINE=InnoDB DEFAULT CHARSET=latin1;

--
-- Dumping data for table `payment_transactions`
--

INSERT INTO `payment_transactions` (`id`, `subscription_id`, `order_id`, `razorpay_order_id`, `razorpay_payment_id`, `razorpay_signature`, `transaction_amount`, `transaction_status`, `payment_mode_id`, `upi`, `phonepay`, `amazonpay`, `googlepay`, `paytm`, `cheque_number`, `cheque_issue_date`, `cheque_bankname`, `cheque_photo`, `cash_amount`, `cash_personname`, `neft_number`, `created_ip`, `created_by`, `created_on`, `modified_ip`, `modified_by`, `modified_on`) VALUES
(1, 1, 'BB_CASH_1617275015', NULL, NULL, NULL, '17700.00', 'SUCCESS', 1, '', '0', '0', '0', NULL, '0', NULL, '', NULL, '17700.00', 'Harish', '', '::1', 1, '2021-04-01 13:03:35', NULL, NULL, NULL),
(2, 2, 'BB_CASH_1617275057', NULL, NULL, NULL, '29500.00', 'SUCCESS', 1, '', '0', '0', '0', NULL, '0', NULL, '', NULL, '29500.00', 'Harish Kumar', '', '::1', 1, '2021-04-01 13:04:17', NULL, NULL, NULL);

-- --------------------------------------------------------

--
-- Table structure for table `promocodes`
--

CREATE TABLE `promocodes` (
  `id` int(11) NOT NULL,
  `coupon_code` varchar(111) NOT NULL,
  `discount_amount` varchar(11) DEFAULT NULL,
  `discount_percentage` varchar(11) DEFAULT NULL,
  `valid_form` date NOT NULL,
  `valid_to` date NOT NULL,
  `created_date` datetime DEFAULT NULL,
  `created_ip` varchar(111) DEFAULT NULL,
  `created_by` int(11) DEFAULT NULL,
  `created_on` datetime DEFAULT NULL,
  `modified_ip` varchar(111) DEFAULT NULL,
  `modified_by` int(11) DEFAULT NULL,
  `modified_on` datetime DEFAULT NULL
) ENGINE=InnoDB DEFAULT CHARSET=latin1;

-- --------------------------------------------------------

--
-- Table structure for table `refer_a_doctor`
--

CREATE TABLE `refer_a_doctor` (
  `id` int(11) NOT NULL,
  `refered_by_doctor_id` int(11) NOT NULL,
  `refered_to_doctor_id` varchar(111) NOT NULL,
  `refered_patient_id` int(11) NOT NULL,
  `created_ip` varchar(111) DEFAULT NULL,
  `created_by` int(11) DEFAULT NULL,
  `created_on` datetime DEFAULT NULL,
  `modified_ip` varchar(111) DEFAULT NULL,
  `modified_by` int(11) DEFAULT NULL,
  `modified_on` int(11) DEFAULT NULL
) ENGINE=InnoDB DEFAULT CHARSET=utf8mb4;

--
-- Dumping data for table `refer_a_doctor`
--

INSERT INTO `refer_a_doctor` (`id`, `refered_by_doctor_id`, `refered_to_doctor_id`, `refered_patient_id`, `created_ip`, `created_by`, `created_on`, `modified_ip`, `modified_by`, `modified_on`) VALUES
(1, 4, '14', 6, '::1', 4, '2021-04-07 12:46:45', NULL, NULL, NULL),
(2, 14, '4', 16, '::1', 14, '2021-04-07 12:59:06', NULL, NULL, NULL);

-- --------------------------------------------------------

--
-- Table structure for table `specializations`
--

CREATE TABLE `specializations` (
  `id` int(11) NOT NULL,
  `specialization` varchar(111) NOT NULL,
  `created_ip` varchar(100) DEFAULT NULL,
  `created_by` int(11) DEFAULT NULL,
  `created_on` datetime DEFAULT NULL,
  `modified_ip` varchar(100) DEFAULT NULL,
  `modified_by` int(11) DEFAULT NULL,
  `modified_on` datetime DEFAULT NULL
) ENGINE=InnoDB DEFAULT CHARSET=latin1 ROW_FORMAT=COMPACT;

--
-- Dumping data for table `specializations`
--

INSERT INTO `specializations` (`id`, `specialization`, `created_ip`, `created_by`, `created_on`, `modified_ip`, `modified_by`, `modified_on`) VALUES
(1, 'Cardiologist', '::1', 1, '2021-04-01 06:37:20', NULL, NULL, NULL),
(2, 'Neurologist', '::1', 1, '2021-04-01 06:37:58', NULL, NULL, NULL),
(3, 'Ophthalmologist', '::1', 1, '2021-04-01 06:38:12', '::1', 1, '2021-04-01 06:38:23'),
(4, 'Physiotherapist', '::1', 1, '2021-04-01 06:39:07', NULL, NULL, NULL),
(5, 'Orthopedic', '::1', 1, '2021-04-01 06:39:30', '::1', 1, '2021-04-01 06:39:41');

-- --------------------------------------------------------

--
-- Table structure for table `states`
--

CREATE TABLE `states` (
  `state_id` int(11) NOT NULL,
  `state_name` varchar(255) NOT NULL
) ENGINE=InnoDB DEFAULT CHARSET=latin1;

--
-- Dumping data for table `states`
--

INSERT INTO `states` (`state_id`, `state_name`) VALUES
(1, 'Andaman & Nicobar Islands'),
(2, 'Andhra Pradesh'),
(3, 'Arunachal Pradesh'),
(4, 'Assam'),
(5, 'Bihar'),
(6, 'Chandigarh'),
(7, 'Chattisgarh'),
(8, 'Dadra & Nagar Haveli'),
(9, 'Daman & Diu'),
(10, 'Delhi'),
(11, 'Goa'),
(12, 'Gujarat'),
(13, 'Haryana'),
(14, 'Himachal Pradesh'),
(15, 'Jammu & Kashmir'),
(16, 'Jharkhand'),
(17, 'Karnataka'),
(18, 'Kerala'),
(19, 'Lakshadweep'),
(20, 'Madhya Pradesh'),
(21, 'Maharashtra'),
(22, 'Manipur'),
(23, 'Meghalaya'),
(24, 'Mizoram'),
(25, 'Nagaland'),
(26, 'Odisha'),
(27, 'Poducherry'),
(28, 'Punjab'),
(29, 'Rajasthan'),
(30, 'Sikkim'),
(31, 'Tamil Nadu'),
(32, 'Telangana'),
(33, 'Tripura'),
(34, 'Uttar Pradesh'),
(35, 'Uttarakhand'),
(36, 'West Bengal');

-- --------------------------------------------------------

--
-- Table structure for table `subscriptions_packages`
--

CREATE TABLE `subscriptions_packages` (
  `id` int(11) NOT NULL,
  `account_id` int(11) NOT NULL,
  `package_id` int(11) NOT NULL,
  `subscription_id` int(11) DEFAULT NULL
) ENGINE=InnoDB DEFAULT CHARSET=latin1;

--
-- Dumping data for table `subscriptions_packages`
--

INSERT INTO `subscriptions_packages` (`id`, `account_id`, `package_id`, `subscription_id`) VALUES
(1, 1, 1, 1),
(2, 2, 2, 2),
(3, 1, 1, 1),
(4, 2, 2, 2);

-- --------------------------------------------------------

--
-- Table structure for table `users`
--

CREATE TABLE `users` (
  `id` int(11) UNSIGNED NOT NULL,
  `ip_address` varchar(45) NOT NULL,
  `username` varchar(100) DEFAULT NULL,
  `password` varchar(255) NOT NULL,
  `email` varchar(254) NOT NULL,
  `activation_selector` varchar(255) DEFAULT NULL,
  `activation_code` varchar(255) DEFAULT NULL,
  `forgotten_password_selector` varchar(255) DEFAULT NULL,
  `forgotten_password_code` varchar(255) DEFAULT NULL,
  `forgotten_password_time` int(11) UNSIGNED DEFAULT NULL,
  `remember_selector` varchar(255) DEFAULT NULL,
  `remember_code` varchar(255) DEFAULT NULL,
  `created_on` int(11) UNSIGNED NOT NULL,
  `last_login` int(11) UNSIGNED DEFAULT NULL,
  `active` tinyint(1) UNSIGNED DEFAULT NULL,
  `first_name` varchar(50) DEFAULT NULL,
  `last_name` varchar(50) DEFAULT NULL,
  `company` varchar(100) DEFAULT NULL,
  `phone` varchar(20) DEFAULT NULL
) ENGINE=InnoDB DEFAULT CHARSET=utf8;

--
-- Dumping data for table `users`
--

INSERT INTO `users` (`id`, `ip_address`, `username`, `password`, `email`, `activation_selector`, `activation_code`, `forgotten_password_selector`, `forgotten_password_code`, `forgotten_password_time`, `remember_selector`, `remember_code`, `created_on`, `last_login`, `active`, `first_name`, `last_name`, `company`, `phone`) VALUES
(1, '127.0.0.1', 'administrator', '$2y$10$TMfkqg5qXLMrSCl/ceR/pOixvCY3Wk6JOiHxuQhlibIjUKgHdmd1K', 'superadmin@doctorss.in', NULL, '', NULL, NULL, NULL, NULL, NULL, 1268889823, 1617796665, 1, 'Admin', 'istrator', 'ADMIN', '0'),
(2, '::1', 'DD279296', '$2y$10$/GriVKXsByM2FdkNz3atiO9iLzgdLvI9jM0Tbza3UOHWCTygcnyU2', 'mamatha@admin.in', NULL, NULL, NULL, NULL, NULL, NULL, NULL, 1617274807, 1617711845, 1, NULL, NULL, NULL, NULL),
(3, '::1', 'DD233470', '$2y$10$B6iOMibhk9n1IFMuzB0i4.taKYsLblN9ZrA99Y1vQSN3Z2Ghyc3NO', 'kamala@admin.in', NULL, NULL, NULL, NULL, NULL, NULL, NULL, 1617274976, 1617776111, 1, NULL, NULL, NULL, NULL),
(4, '::1', 'DD435904', '$2y$10$a9t4OevtcHfW12ZA6idkzeVPsTesca7BM6dogK.iBKDqrWTYdc5l2', 'swamy@doctor.in', NULL, NULL, NULL, NULL, NULL, NULL, NULL, 1617275284, 1617769035, 1, 'Swamy', 'Reddy', NULL, NULL),
(5, '::1', 'DD439672', '$2y$10$PUEMO419dCveuxzuHHg/2ej1hIqb56NfP/xGeKYFRYPhicEtj5ddy', 'niranjana@doctor.in', NULL, NULL, NULL, NULL, NULL, NULL, NULL, 1617275518, NULL, 1, 'Niranjana', 'Kumar', NULL, NULL),
(6, '::1', 'DD663357', '$2y$10$YISDfpWmxrXugiOE50RLcep3A7hqEuywtkcjMvC5gPMDDkWmqEEay', 'sanjay@patient.in', NULL, NULL, NULL, NULL, NULL, NULL, NULL, 1617275647, 1617342459, 1, 'Sanjay', 'Reddy', NULL, NULL),
(7, '::1', 'DD63123', '$2y$10$gr.VfuhroYxTyl.m6/OgquUHahY7U2Qgh4sHn2He9C0ksLj1MtISu', 'navya@patient.in', NULL, NULL, NULL, NULL, NULL, NULL, NULL, 1617275799, 1617787847, 1, 'Navya', 'Pinnela', NULL, NULL),
(8, '::1', 'DD586762', '$2y$10$UZ2.pNvAvzA/VsEL7nkpi.gCuCkPA03HkG0TSTXX3C9wPFRAQ5so6', 'nikkath@receptionist.in', NULL, NULL, NULL, NULL, NULL, NULL, NULL, 1617275992, 1617689291, 1, NULL, NULL, NULL, NULL),
(9, '::1', 'DD57799', '$2y$10$N50kRQXtNH3Lp4Ss3UMYA.oXC27wpkDRQR7vzelr.YJSU7E1vCkU.', 'kalyan@receptionist.in', NULL, NULL, NULL, NULL, NULL, NULL, NULL, 1617276270, NULL, 1, NULL, NULL, NULL, NULL),
(10, '::1', 'DD882048', '$2y$10$X23IfqvbOOcSlVHFqGXkceDUaQfZge/Swm9y/.Tv02BSWGAlDzVZm', 'babu@billing.in', NULL, NULL, NULL, NULL, NULL, NULL, NULL, 1617276444, 1617709771, 1, NULL, NULL, NULL, NULL),
(11, '::1', 'DD82085', '$2y$10$KVsooswYvFpNapL2MfteBun/f7fYX80PbgKVJI/jKeg0G8yDBN376', 'harikrishna@billing.in', NULL, NULL, NULL, NULL, NULL, NULL, NULL, 1617276561, 1617613235, 1, NULL, NULL, NULL, NULL),
(12, '::1', 'DD755147', '$2y$10$uFKqzu7KW6UHal4BYCAOhONEXr7XtBoXqb9RlJU.81KYF.kdlFJfu', 'gopi@lab.in', NULL, NULL, NULL, NULL, NULL, NULL, NULL, 1617276736, 1617605039, 1, NULL, NULL, NULL, NULL),
(13, '::1', 'DD742037', '$2y$10$g5ndF6cJ5w81k8wbCVVayuZz9/oyM5AeLXkijuJhlTd9xiuy0WbHq', 'saiteja@lab.in', NULL, NULL, NULL, NULL, NULL, NULL, NULL, 1617276879, NULL, 1, NULL, NULL, NULL, NULL),
(14, '::1', 'DD440867', '$2y$10$5h8gM8rG3NFgA2W3vey0LuSX7M6ZM0NBiqNT363qpSunSdqVpqw1m', 'venkat@doctor.in', NULL, NULL, NULL, NULL, NULL, NULL, NULL, 1617776217, 1617788857, 1, 'Venkat', 'Reddy', NULL, NULL),
(15, '::1', 'DD542176', '$2y$10$gUzNXNWEikKZTj.rbFsBSe7IIJ8YgoXkn2JrTfFKGgR/u30V09K0a', 'ramesh@receptionist.in', NULL, NULL, NULL, NULL, NULL, NULL, NULL, 1617788070, 1617788108, 1, NULL, NULL, NULL, NULL),
(16, '::1', 'DD633311', '$2y$10$7/lNAbag5qeQqRd.MnC6eufyttpiLJNddtbE1xt.c/n6q5o5SWrtK', 'sreenu@patient.in', NULL, NULL, NULL, NULL, NULL, NULL, NULL, 1617788614, NULL, 1, 'Sreenu', 'k', NULL, NULL),
(17, '::1', 'DD250915', '$2y$10$1J54cRg01mPgA3zKfNbgXen/aBP9w.wfs4PIoTkyUv5DadWhm9k9C', 'chinnari@admin.in', NULL, NULL, NULL, NULL, NULL, NULL, NULL, 1617797533, NULL, 1, NULL, NULL, NULL, NULL);

-- --------------------------------------------------------

--
-- Table structure for table `users_groups`
--

CREATE TABLE `users_groups` (
  `id` int(11) UNSIGNED NOT NULL,
  `user_id` int(11) UNSIGNED NOT NULL,
  `group_id` mediumint(8) UNSIGNED NOT NULL
) ENGINE=InnoDB DEFAULT CHARSET=utf8;

--
-- Dumping data for table `users_groups`
--

INSERT INTO `users_groups` (`id`, `user_id`, `group_id`) VALUES
(1, 1, 1),
(2, 2, 2),
(3, 3, 2),
(4, 4, 4),
(5, 5, 4),
(6, 6, 6),
(7, 7, 6),
(8, 8, 5),
(9, 9, 5),
(10, 10, 8),
(11, 11, 8),
(12, 12, 7),
(13, 13, 7),
(14, 14, 4),
(15, 15, 5),
(16, 16, 6),
(17, 17, 2);

-- --------------------------------------------------------

--
-- Table structure for table `user_accounts`
--

CREATE TABLE `user_accounts` (
  `id` int(11) NOT NULL,
  `user_id` int(11) NOT NULL,
  `account_id` int(11) NOT NULL,
  `role_id` int(11) NOT NULL
) ENGINE=InnoDB DEFAULT CHARSET=latin1;

--
-- Dumping data for table `user_accounts`
--

INSERT INTO `user_accounts` (`id`, `user_id`, `account_id`, `role_id`) VALUES
(1, 1, 0, 1),
(2, 2, 1, 2),
(3, 3, 2, 2),
(4, 4, 1, 4),
(5, 5, 1, 4),
(6, 6, 1, 6),
(7, 7, 1, 6),
(8, 8, 1, 5),
(9, 9, 1, 5),
(10, 10, 1, 8),
(11, 11, 1, 8),
(12, 12, 1, 7),
(13, 13, 1, 7),
(14, 14, 2, 4),
(15, 15, 2, 5),
(16, 16, 2, 6),
(17, 17, 3, 2);

-- --------------------------------------------------------

--
-- Table structure for table `user_details`
--

CREATE TABLE `user_details` (
  `id` int(11) NOT NULL,
  `user_id` int(11) UNSIGNED NOT NULL,
  `address_id` int(11) NOT NULL,
  `first_name` varchar(100) CHARACTER SET utf8 NOT NULL,
  `last_name` varchar(100) CHARACTER SET utf8 DEFAULT NULL,
  `mobileno` varchar(15) DEFAULT NULL,
  `dob` date DEFAULT NULL,
  `gender` varchar(11) DEFAULT NULL,
  `age` varchar(11) DEFAULT NULL,
  `profile_pic_path` varchar(200) DEFAULT NULL,
  `device_token` varchar(255) DEFAULT NULL,
  `device_type` tinyint(2) DEFAULT NULL COMMENT '1 for android,2 for ios',
  `city_id` int(11) DEFAULT NULL,
  `created_ip` varchar(20) DEFAULT NULL,
  `created_by` int(11) DEFAULT NULL,
  `created_on` datetime DEFAULT NULL,
  `modified_ip` varchar(20) DEFAULT NULL,
  `modified_by` int(11) DEFAULT NULL,
  `modified_on` datetime DEFAULT NULL
) ENGINE=InnoDB DEFAULT CHARSET=latin1;

--
-- Dumping data for table `user_details`
--

INSERT INTO `user_details` (`id`, `user_id`, `address_id`, `first_name`, `last_name`, `mobileno`, `dob`, `gender`, `age`, `profile_pic_path`, `device_token`, `device_type`, `city_id`, `created_ip`, `created_by`, `created_on`, `modified_ip`, `modified_by`, `modified_on`) VALUES
(1, 1, 1, 'Super', 'Admin', '9160687119', NULL, 'Male', '45', 'assets/uploads/employees/1751_face28.jpg', NULL, NULL, NULL, '::1', 2, '2020-09-10 12:03:58', '::1', 1, '2021-01-19 06:37:18'),
(2, 2, 1, 'Ajay', 'Puvvada', '9685741230', NULL, NULL, NULL, NULL, NULL, NULL, NULL, '::1', 1, '2021-04-01 13:00:07', NULL, NULL, NULL),
(3, 3, 3, 'Kamala', 'Naidu', '9685741230', NULL, NULL, NULL, NULL, NULL, NULL, NULL, '::1', 1, '2021-04-01 13:02:56', NULL, NULL, NULL),
(4, 4, 5, 'Swamy', 'Reddy', '9160687119', NULL, 'Male', '56', 'assets/uploads/employees/23893_face.png', NULL, NULL, NULL, '::1', 2, '2021-04-01 13:08:04', NULL, NULL, NULL),
(5, 5, 6, 'Niranjana', 'Kumar', '9160687119', NULL, 'Female', '45', 'assets/uploads/employees/99650_face.png', NULL, NULL, NULL, '::1', 2, '2021-04-01 13:11:58', NULL, NULL, NULL),
(6, 6, 7, 'Sanjay', 'Reddy', '9160687119', NULL, 'Male', '45', NULL, NULL, NULL, NULL, '::1', 2, '2021-04-01 13:14:07', NULL, NULL, NULL),
(7, 7, 8, 'Navya', 'Pinnela', '8919649598', NULL, 'Female', '60', NULL, NULL, NULL, NULL, '::1', 2, '2021-04-01 13:16:38', NULL, NULL, NULL),
(8, 8, 9, 'Nikkath', 'Shek', '8919649598', '1991-01-01', 'Female', NULL, 'assets/uploads/employees/36679_face.png', NULL, NULL, NULL, NULL, NULL, NULL, NULL, NULL, NULL),
(9, 9, 10, 'kalyan', 'N', '9550685788', '1990-01-01', 'Male', NULL, 'assets/uploads/employees/45548_face.png', NULL, NULL, NULL, NULL, NULL, NULL, NULL, NULL, NULL),
(10, 10, 11, 'Babu', 'Rao', '9652589420', '1990-01-01', 'Male', NULL, 'assets/uploads/employees/89281_face.png', NULL, NULL, NULL, NULL, NULL, NULL, NULL, NULL, NULL),
(11, 11, 12, 'Hari', 'Krishna', '8919649895', '2000-01-01', 'Male', NULL, 'assets/uploads/employees/99061_face.png', NULL, NULL, NULL, NULL, NULL, NULL, NULL, NULL, NULL),
(12, 12, 13, 'Gopi', 'D', '9876543210', '2000-01-01', 'Male', NULL, 'assets/uploads/employees/30105_face.png', NULL, NULL, NULL, NULL, NULL, NULL, NULL, NULL, NULL),
(13, 13, 14, 'sai', 'Teja', '9685741230', '1990-02-05', 'Male', NULL, 'assets/uploads/employees/89393_face.png', NULL, NULL, NULL, NULL, NULL, NULL, NULL, NULL, NULL),
(14, 14, 15, 'Venkat', 'Reddy', '9160687119', NULL, 'Male', '56', 'assets/uploads/employees/26492_face.png', NULL, NULL, NULL, '::1', 3, '2021-04-07 08:16:57', NULL, NULL, NULL),
(15, 15, 16, 'Ramesh', 'K', '9160687119', '1989-01-01', 'Male', NULL, 'assets/uploads/employees/27742_face.png', NULL, NULL, NULL, NULL, NULL, NULL, NULL, NULL, NULL),
(16, 16, 17, 'Sreenu', 'k', '9160687199', NULL, 'Male', '62', NULL, NULL, NULL, NULL, '::1', 15, '2021-04-07 11:43:34', NULL, NULL, NULL),
(17, 17, 18, 'Harish', 'Kumar', '9160687119', NULL, NULL, NULL, NULL, NULL, NULL, NULL, '::1', 1, '2021-04-07 14:12:13', NULL, NULL, NULL);

--
-- Indexes for dumped tables
--

--
-- Indexes for table `accounts`
--
ALTER TABLE `accounts`
  ADD PRIMARY KEY (`id`);

--
-- Indexes for table `accounts_subscriptions`
--
ALTER TABLE `accounts_subscriptions`
  ADD PRIMARY KEY (`id`);

--
-- Indexes for table `activity_logs`
--
ALTER TABLE `activity_logs`
  ADD PRIMARY KEY (`id`);

--
-- Indexes for table `activity_request_mappings`
--
ALTER TABLE `activity_request_mappings`
  ADD PRIMARY KEY (`id`);

--
-- Indexes for table `address`
--
ALTER TABLE `address`
  ADD PRIMARY KEY (`id`);

--
-- Indexes for table `cities`
--
ALTER TABLE `cities`
  ADD PRIMARY KEY (`cityid`);

--
-- Indexes for table `ci_sessions`
--
ALTER TABLE `ci_sessions`
  ADD PRIMARY KEY (`id`,`ip_address`),
  ADD KEY `ci_sessions_timestamp` (`timestamp`);

--
-- Indexes for table `custom_data`
--
ALTER TABLE `custom_data`
  ADD PRIMARY KEY (`id`);

--
-- Indexes for table `groups`
--
ALTER TABLE `groups`
  ADD PRIMARY KEY (`id`);

--
-- Indexes for table `login_attempts`
--
ALTER TABLE `login_attempts`
  ADD PRIMARY KEY (`id`);

--
-- Indexes for table `packages`
--
ALTER TABLE `packages`
  ADD PRIMARY KEY (`id`);

--
-- Indexes for table `patient_details`
--
ALTER TABLE `patient_details`
  ADD PRIMARY KEY (`id`);

--
-- Indexes for table `patient_documents`
--
ALTER TABLE `patient_documents`
  ADD PRIMARY KEY (`id`);

--
-- Indexes for table `payment_mode`
--
ALTER TABLE `payment_mode`
  ADD PRIMARY KEY (`id`);

--
-- Indexes for table `payment_transactions`
--
ALTER TABLE `payment_transactions`
  ADD PRIMARY KEY (`id`);

--
-- Indexes for table `promocodes`
--
ALTER TABLE `promocodes`
  ADD PRIMARY KEY (`id`);

--
-- Indexes for table `refer_a_doctor`
--
ALTER TABLE `refer_a_doctor`
  ADD PRIMARY KEY (`id`);

--
-- Indexes for table `specializations`
--
ALTER TABLE `specializations`
  ADD PRIMARY KEY (`id`);

--
-- Indexes for table `states`
--
ALTER TABLE `states`
  ADD PRIMARY KEY (`state_id`);

--
-- Indexes for table `subscriptions_packages`
--
ALTER TABLE `subscriptions_packages`
  ADD PRIMARY KEY (`id`);

--
-- Indexes for table `users`
--
ALTER TABLE `users`
  ADD PRIMARY KEY (`id`),
  ADD UNIQUE KEY `uc_email` (`email`),
  ADD UNIQUE KEY `uc_activation_selector` (`activation_selector`),
  ADD UNIQUE KEY `uc_forgotten_password_selector` (`forgotten_password_selector`),
  ADD UNIQUE KEY `uc_remember_selector` (`remember_selector`);

--
-- Indexes for table `users_groups`
--
ALTER TABLE `users_groups`
  ADD PRIMARY KEY (`id`),
  ADD UNIQUE KEY `uc_users_groups` (`user_id`,`group_id`),
  ADD KEY `fk_users_groups_users1_idx` (`user_id`),
  ADD KEY `fk_users_groups_groups1_idx` (`group_id`);

--
-- Indexes for table `user_accounts`
--
ALTER TABLE `user_accounts`
  ADD PRIMARY KEY (`id`);

--
-- Indexes for table `user_details`
--
ALTER TABLE `user_details`
  ADD PRIMARY KEY (`id`),
  ADD KEY `USER_FRKEY2` (`user_id`);

--
-- AUTO_INCREMENT for dumped tables
--

--
-- AUTO_INCREMENT for table `accounts`
--
ALTER TABLE `accounts`
  MODIFY `id` int(11) NOT NULL AUTO_INCREMENT, AUTO_INCREMENT=4;

--
-- AUTO_INCREMENT for table `accounts_subscriptions`
--
ALTER TABLE `accounts_subscriptions`
  MODIFY `id` int(11) NOT NULL AUTO_INCREMENT, AUTO_INCREMENT=3;

--
-- AUTO_INCREMENT for table `activity_logs`
--
ALTER TABLE `activity_logs`
  MODIFY `id` int(11) NOT NULL AUTO_INCREMENT, AUTO_INCREMENT=3;

--
-- AUTO_INCREMENT for table `activity_request_mappings`
--
ALTER TABLE `activity_request_mappings`
  MODIFY `id` int(11) NOT NULL AUTO_INCREMENT, AUTO_INCREMENT=2;

--
-- AUTO_INCREMENT for table `address`
--
ALTER TABLE `address`
  MODIFY `id` int(11) NOT NULL AUTO_INCREMENT, AUTO_INCREMENT=20;

--
-- AUTO_INCREMENT for table `cities`
--
ALTER TABLE `cities`
  MODIFY `cityid` int(11) NOT NULL AUTO_INCREMENT, AUTO_INCREMENT=1245;

--
-- AUTO_INCREMENT for table `custom_data`
--
ALTER TABLE `custom_data`
  MODIFY `id` int(11) NOT NULL AUTO_INCREMENT, AUTO_INCREMENT=10;

--
-- AUTO_INCREMENT for table `groups`
--
ALTER TABLE `groups`
  MODIFY `id` mediumint(8) UNSIGNED NOT NULL AUTO_INCREMENT, AUTO_INCREMENT=9;

--
-- AUTO_INCREMENT for table `login_attempts`
--
ALTER TABLE `login_attempts`
  MODIFY `id` int(11) UNSIGNED NOT NULL AUTO_INCREMENT, AUTO_INCREMENT=6;

--
-- AUTO_INCREMENT for table `packages`
--
ALTER TABLE `packages`
  MODIFY `id` int(11) NOT NULL AUTO_INCREMENT, AUTO_INCREMENT=3;

--
-- AUTO_INCREMENT for table `patient_details`
--
ALTER TABLE `patient_details`
  MODIFY `id` int(11) NOT NULL AUTO_INCREMENT, AUTO_INCREMENT=4;

--
-- AUTO_INCREMENT for table `patient_documents`
--
ALTER TABLE `patient_documents`
  MODIFY `id` int(11) NOT NULL AUTO_INCREMENT;

--
-- AUTO_INCREMENT for table `payment_mode`
--
ALTER TABLE `payment_mode`
  MODIFY `id` int(11) NOT NULL AUTO_INCREMENT, AUTO_INCREMENT=6;

--
-- AUTO_INCREMENT for table `payment_transactions`
--
ALTER TABLE `payment_transactions`
  MODIFY `id` int(11) NOT NULL AUTO_INCREMENT, AUTO_INCREMENT=3;

--
-- AUTO_INCREMENT for table `promocodes`
--
ALTER TABLE `promocodes`
  MODIFY `id` int(11) NOT NULL AUTO_INCREMENT;

--
-- AUTO_INCREMENT for table `refer_a_doctor`
--
ALTER TABLE `refer_a_doctor`
  MODIFY `id` int(11) NOT NULL AUTO_INCREMENT, AUTO_INCREMENT=3;

--
-- AUTO_INCREMENT for table `specializations`
--
ALTER TABLE `specializations`
  MODIFY `id` int(11) NOT NULL AUTO_INCREMENT, AUTO_INCREMENT=6;

--
-- AUTO_INCREMENT for table `states`
--
ALTER TABLE `states`
  MODIFY `state_id` int(11) NOT NULL AUTO_INCREMENT, AUTO_INCREMENT=37;

--
-- AUTO_INCREMENT for table `subscriptions_packages`
--
ALTER TABLE `subscriptions_packages`
  MODIFY `id` int(11) NOT NULL AUTO_INCREMENT, AUTO_INCREMENT=5;

--
-- AUTO_INCREMENT for table `users`
--
ALTER TABLE `users`
  MODIFY `id` int(11) UNSIGNED NOT NULL AUTO_INCREMENT, AUTO_INCREMENT=18;

--
-- AUTO_INCREMENT for table `users_groups`
--
ALTER TABLE `users_groups`
  MODIFY `id` int(11) UNSIGNED NOT NULL AUTO_INCREMENT, AUTO_INCREMENT=18;

--
-- AUTO_INCREMENT for table `user_accounts`
--
ALTER TABLE `user_accounts`
  MODIFY `id` int(11) NOT NULL AUTO_INCREMENT, AUTO_INCREMENT=18;

--
-- AUTO_INCREMENT for table `user_details`
--
ALTER TABLE `user_details`
  MODIFY `id` int(11) NOT NULL AUTO_INCREMENT, AUTO_INCREMENT=18;

--
-- Constraints for dumped tables
--

--
-- Constraints for table `users_groups`
--
ALTER TABLE `users_groups`
  ADD CONSTRAINT `fk_users_groups_groups1` FOREIGN KEY (`group_id`) REFERENCES `groups` (`id`) ON DELETE CASCADE ON UPDATE NO ACTION,
  ADD CONSTRAINT `fk_users_groups_users1` FOREIGN KEY (`user_id`) REFERENCES `users` (`id`) ON DELETE CASCADE ON UPDATE NO ACTION;

--
-- Constraints for table `user_details`
--
ALTER TABLE `user_details`
  ADD CONSTRAINT `USER_FRKEY2` FOREIGN KEY (`user_id`) REFERENCES `users` (`id`);
COMMIT;

/*!40101 SET CHARACTER_SET_CLIENT=@OLD_CHARACTER_SET_CLIENT */;
/*!40101 SET CHARACTER_SET_RESULTS=@OLD_CHARACTER_SET_RESULTS */;
/*!40101 SET COLLATION_CONNECTION=@OLD_COLLATION_CONNECTION */;
